MSS,750
SendRate(Mb/s),ReceiveRate(Mb/s),RecvPackets,Send Loss,Recv Loss,RTT(ms),CWnd,FlowWindow,Retrans,PktSndPeriod(us),SendACK,SendNAK,RecvACK,RecvNAK,EstimatedBandwidth(Mb/s),Retrans_Total, NAK_TotalSent,Total Send Loss,Total Recv Loss
0,2.27938,442,0,6,182.608,2,8192,0,0,134,6,0,0,0.005648,0,6,0,6
0,1.8684,331,0,20,119.339,2,8192,0,0,11,20,0,0,0.005648,0,26,0,26
0,2.13884,379,0,17,91.286,2,8192,0,0,79,17,0,0,0.005648,0,43,0,43
0,1.67012,296,0,13,51.746,2,8192,0,0,49,12,0,0,0.005648,0,55,0,56
0,2.42103,429,0,5,71.003,2,8192,0,0,170,5,0,0,0.005648,0,60,0,61
0,2.36964,420,0,4,73.447,2,8192,0,0,160,4,0,0,0.005648,0,64,0,65
0,2.21903,393,0,1,46.722,2,8192,0,0,162,1,0,0,0.005648,0,65,0,66
0,2.48357,440,0,2,55.393,2,8192,0,0,198,2,0,0,0.005648,0,67,0,68
0,2.59503,460,0,3,63.103,2,8192,0,0,184,3,0,0,0.005648,0,70,0,71
0,2.33329,414,0,5,83.587,2,8192,0,0,157,5,0,0,0.005648,0,75,0,76
0,2.31288,410,0,6,67.918,2,8192,0,0,129,6,0,0,0.005648,0,81,0,82
0,2.47244,438,0,4,89.973,2,8192,0,0,161,4,0,0,0.005648,0,85,0,86
0,2.51282,445,0,5,88.512,2,8192,0,0,154,5,0,0,0.005648,0,90,0,91
0,2.35809,418,0,6,89.94,2,8192,0,0,138,6,0,0,0.005648,0,96,0,97
0,1.91874,340,0,1,52.228,2,8192,0,0,121,1,0,0,0.005648,0,97,0,98
0,2.46183,436,0,2,75.27,2,8192,0,0,187,2,0,0,0.005648,0,99,0,100
0,1.99205,353,0,0,57.995,2,8192,0,0,176,0,0,0,0.005648,0,99,0,100
0,2.47305,438,0,1,64.771,2,8192,0,0,214,1,0,0,0.005648,0,100,0,101
0,2.29791,408,0,2,74.397,2,8192,0,0,189,2,0,0,0.005648,0,102,0,103
0,2.32,412,0,3,123.24,2,8192,0,0,158,3,0,0,0.005648,0,105,0,106
0,2.04965,363,0,5,95.872,2,8192,0,0,133,5,0,0,0.005648,0,110,0,111
0,2.59157,459,0,5,81.945,2,8192,0,0,154,5,0,0,0.005648,0,115,0,116
0,2.09478,371,0,6,106.59,2,8192,0,0,122,6,0,0,0.005648,0,121,0,122
0,2.2858,405,0,4,93.154,2,8192,0,0,161,4,0,0,0.005648,0,125,0,126
0,2.5912,459,0,5,91.99,2,8192,0,0,134,5,0,0,0.005648,0,130,0,131
0,2.48938,441,0,5,98.312,2,8192,0,0,144,5,0,0,0.005648,0,135,0,136
0,2.41119,427,0,6,101.959,2,8192,0,0,110,6,0,0,0.005648,0,141,0,142
0,2.31502,410,0,4,115.031,2,8192,0,0,151,4,0,0,0.005648,0,145,0,146
0,2.65968,471,0,8,111.406,2,8192,0,0,182,8,0,0,0.005648,0,153,0,154
0,2.54132,450,0,9,156.824,2,8192,0,0,136,9,0,0,0.005648,0,162,0,163
0,2.55468,453,0,9,144.748,2,8192,0,0,136,9,0,0,0.005648,0,171,0,172
0,2.61101,464,0,7,121.207,2,8192,0,0,137,7,0,0,0.005648,0,178,0,179
0,2.62901,466,0,7,119.454,2,8192,0,0,119,7,0,0,0.005648,0,185,0,186
0,1.98771,352,0,4,57.01,2,8192,0,0,111,4,0,0,0.005648,0,189,0,190
0,2.42132,429,0,3,51.002,2,8192,0,0,157,3,0,0,0.005648,0,192,0,193
0,2.5512,452,0,5,96.752,2,8192,0,0,181,5,0,0,0.005648,0,197,0,198
0,1.61993,287,0,2,45.89,2,8192,0,0,71,2,0,0,0.005648,0,199,0,200
0,1.45673,258,0,0,58.429,2,8192,0,0,137,0,0,0,0.005648,0,199,0,200
0,1.68131,298,0,0,83.001,2,8192,0,0,158,0,0,0,0.005648,0,199,0,200
0,2.31366,410,0,0,70.652,2,8192,0,0,214,0,0,0,0.005648,0,199,0,200
0,2.19022,388,0,4,68.333,2,8192,0,0,159,4,0,0,0.005648,0,203,0,204
0,1.07284,190,0,1,54.044,2,8192,0,0,55,1,0,0,0.005648,0,204,0,205
0,1.56387,277,0,0,29.442,2,8192,0,0,145,0,0,0,0.005648,0,204,0,205
0,2.22469,394,0,0,50.629,2,8192,0,0,206,0,0,0,0.005648,0,204,0,205
0,2.41658,428,0,0,74.982,2,8192,0,0,223,0,0,0,0.005648,0,204,0,205
0,2.39972,425,0,3,73.617,2,8192,0,0,168,3,0,0,0.005648,0,207,0,208
0,2.41596,428,0,3,87.21,2,8192,0,0,193,3,0,0,0.005648,0,210,0,211
0,2.44801,434,0,8,91.079,2,8192,0,0,153,8,0,0,0.005648,0,218,0,219
0,2.46122,436,0,4,80.336,2,8192,0,0,154,4,0,0,0.005648,0,222,0,223
0,2.18097,387,0,3,60.641,2,8192,0,0,105,3,0,0,0.005648,0,225,0,226
0,2.37141,420,0,1,54.093,2,8192,0,0,204,1,0,0,0.005648,0,226,0,227
0,1.98679,352,0,0,140.861,2,8192,0,0,184,0,0,0,0.005648,0,226,0,227
0,2.29787,407,0,1,79.684,2,8192,0,0,193,1,0,0,0.005648,0,227,0,228
0,2.32594,412,0,3,93.922,2,8192,0,0,180,3,0,0,0.005648,0,230,0,231
0,2.33715,414,0,2,83.269,2,8192,0,0,157,2,0,0,0.005648,0,232,0,233
0,2.32623,412,0,6,88.235,2,8192,0,0,141,6,0,0,0.005648,0,238,0,239
0,2.43909,432,0,6,109.42,2,8192,0,0,151,6,0,0,0.005648,0,244,0,245
0,2.08833,370,0,3,47.02,2,8192,0,0,104,3,0,0,0.005648,0,247,0,248
0,2.26937,402,0,1,55.093,2,8192,0,0,192,1,0,0,0.005648,0,248,0,249
0,1.76616,313,0,2,82.207,2,8192,0,0,113,2,0,0,0.005648,0,250,0,251
0,2.10695,374,0,0,54.407,2,8192,0,0,192,0,0,0,0.005648,0,250,0,251
0,2.15658,382,0,3,79.912,2,8192,0,0,161,3,0,0,0.005648,0,253,0,254
0,1.60162,284,0,1,105.252,2,8192,0,0,130,1,0,0,0.005648,0,254,0,255
0,2.04917,363,0,0,57.408,2,8192,0,0,187,0,0,0,0.005648,0,254,0,255
0,2.51223,445,0,1,79.366,2,8192,0,0,213,1,0,0,0.005648,0,255,0,256
0,1.66002,294,0,1,59.715,2,8192,0,0,110,1,0,0,0.005648,0,256,0,257
0,1.41166,250,0,0,58.348,2,8192,0,0,132,0,0,0,0.005648,0,256,0,257
0,2.51255,445,0,0,43.413,2,8192,0,0,230,0,0,0,0.005648,0,256,0,257
0,2.47292,438,0,1,85.748,2,8192,0,0,191,1,0,0,0.005648,0,257,0,258
0,1.73225,307,0,0,46.534,2,8192,0,0,160,0,0,0,0.005648,0,257,0,258
0,2.11684,375,0,0,58.2,2,8192,0,0,193,0,0,0,0.005648,0,257,0,258
0,2.61365,463,0,1,61.061,2,8192,0,0,223,1,0,0,0.005648,0,258,0,259
0,1.86243,330,0,1,40.571,2,8192,0,0,145,1,0,0,0.005648,0,259,0,260
0,2.23592,396,0,0,103.206,2,8192,0,0,206,0,0,0,0.005648,0,259,0,260
0,2.13931,379,0,1,87.529,2,8192,0,0,181,1,0,0,0.005648,0,260,0,261
0,2.64246,468,0,3,73.163,2,8192,0,0,203,3,0,0,0.005648,0,263,0,264
0,2.0041,355,0,4,94.726,2,8192,0,0,140,4,0,0,0.005648,0,267,0,268
0,2.60824,462,0,2,93.027,2,8192,0,0,176,2,0,0,0.005648,0,269,0,270
0,2.33226,413,0,5,93.316,2,8192,0,0,145,5,0,0,0.005648,0,274,0,275
0,2.34326,415,0,2,50.625,2,8192,0,0,142,2,0,0,0.005648,0,276,0,277
0,2.5014,443,0,1,47.115,2,8192,0,0,215,1,0,0,0.005648,0,277,0,278
0,2.58614,458,0,2,78.35,2,8192,0,0,203,2,0,0,0.005648,0,279,0,280
0,2.49584,442,0,4,95.038,2,8192,0,0,201,4,0,0,0.005648,0,283,0,284
0,2.65329,470,0,5,116.014,2,8192,0,0,190,5,0,0,0.005648,0,288,0,289
0,2.3188,411,0,0,46.41,2,8192,0,0,190,0,0,0,0.005648,0,288,0,289
0,2.17931,386,0,1,72.724,2,8192,0,0,184,1,0,0,0.005648,0,289,0,290
0,0.869327,154,0,1,31.375,2,8192,0,0,48,1,0,0,0.005648,0,290,0,291
0,1.52991,271,0,0,66.978,2,8192,0,0,144,0,0,0,0.005648,0,290,0,291
0,2.45508,435,0,0,53.347,2,8192,0,0,226,0,0,0,0.005648,0,290,0,291
0,2.44991,434,0,1,65.071,2,8192,0,0,208,1,0,0,0.005648,0,291,0,292
0,2.20183,390,0,2,120.766,2,8192,0,0,153,2,0,0,0.005648,0,293,0,294
0,2.17971,386,0,0,54.05,2,8192,0,0,200,0,0,0,0.005648,0,293,0,294
0,2.13989,379,0,1,61.7,2,8192,0,0,183,1,0,0,0.005648,0,294,0,295
0,2.12827,377,0,3,37.574,2,8192,0,0,137,3,0,0,0.005648,0,297,0,298
0,2.08207,369,0,0,89.356,2,8192,0,0,192,0,0,0,0.005648,0,297,0,298
0,2.09482,371,0,3,80.009,2,8192,0,0,141,3,0,0,0.005648,0,300,0,301
0,1.82946,324,0,0,50.115,2,8192,0,0,161,0,0,0,0.005648,0,300,0,301
0,2.5392,450,0,0,58.911,2,8192,0,0,229,0,0,0,0.005648,0,300,0,301
0,2.44813,434,0,2,54.445,2,8192,0,0,191,2,0,0,0.005648,0,302,0,303
0,2.55229,452,0,1,98.168,2,8192,0,0,216,1,0,0,0.005648,0,303,0,304
0,2.1795,386,0,3,84.975,2,8192,0,0,159,3,0,0,0.005648,0,306,0,307
0,1.92552,341,0,3,63.104,2,8192,0,0,84,3,0,0,0.005648,0,309,0,310
0,1.29258,229,0,0,37.459,2,8192,0,0,121,0,0,0,0.005648,0,309,0,310
0,2.00392,355,0,0,64.58,2,8192,0,0,178,0,0,0,0.005648,0,309,0,310
0,1.32687,235,0,0,32.27,2,8192,0,0,110,0,0,0,0.005648,0,309,0,310
0,2.26399,401,0,0,54.545,2,8192,0,0,205,0,0,0,0.005648,0,309,0,310
0,1.98544,352,0,1,64.148,2,8192,0,0,169,1,0,0,0.005648,0,310,0,311
0,2.2341,396,0,2,79.975,2,8192,0,0,174,2,0,0,0.005648,0,312,0,313
0,2.63643,467,0,1,75.471,2,8192,0,0,225,1,0,0,0.005648,0,313,0,314
0,2.40424,426,0,4,92.726,2,8192,0,0,166,4,0,0,0.005648,0,317,0,318
0,2.21884,393,0,2,88.545,2,8192,0,0,153,2,0,0,0.005648,0,319,0,320
0,1.84571,327,0,3,40.72,2,8192,0,0,95,3,0,0,0.005648,0,322,0,323
0,2.42041,429,0,0,78.468,2,8192,0,0,218,0,0,0,0.005648,0,322,0,323
0,1.84064,326,0,1,39.764,2,8192,0,0,135,1,0,0,0.005648,0,323,0,324
0,2.12791,377,0,0,54.018,2,8192,0,0,200,0,0,0,0.005648,0,323,0,324
0,2.22991,395,0,0,66.704,2,8192,0,0,201,0,0,0,0.005648,0,323,0,324
0,2.04253,362,0,2,83.061,2,8192,0,0,152,2,0,0,0.005648,0,325,0,326
0,2.49011,441,0,1,72.556,2,8192,0,0,206,1,0,0,0.005648,0,326,0,327
0,2.13896,379,0,1,43.279,2,8192,0,0,154,1,0,0,0.005648,0,327,0,328
0,2.53425,449,0,0,65.723,2,8192,0,0,232,0,0,0,0.005648,0,327,0,328
0,2.32657,412,0,3,70.278,2,8192,0,0,176,3,0,0,0.005648,0,330,0,331
0,1.91975,340,0,0,88.227,2,8192,0,0,159,0,0,0,0.005648,0,330,0,331
0,1.52453,270,0,1,59.294,2,8192,0,0,116,1,0,0,0.005648,0,331,0,332
0,2.07764,368,0,0,40.421,2,8192,0,0,190,0,0,0,0.005648,0,331,0,332
0,1.84625,327,0,0,100.924,2,8192,0,0,169,0,0,0,0.005648,0,331,0,332
0,2.47862,439,0,1,68.731,2,8192,0,0,213,1,0,0,0.005648,0,332,0,333
0,1.93056,342,0,2,73.626,2,8192,0,0,141,2,0,0,0.005648,0,334,0,335
0,2.20786,391,0,5,94.563,2,8192,0,0,140,5,0,0,0.005648,0,339,0,340
0,2.07674,368,0,1,42.59,2,8192,0,0,150,1,0,0,0.005648,0,340,0,341
0,2.25737,400,0,0,92.446,2,8192,0,0,209,0,0,0,0.005648,0,340,0,341
0,2.2501,399,0,5,70.277,2,8192,0,0,172,5,0,0,0.005648,0,345,0,346
0,2.65368,470,0,1,84.018,2,8192,0,0,222,1,0,0,0.005648,0,346,0,347
0,2.3353,414,0,2,43.165,2,8192,0,0,150,2,0,0,0.005648,0,348,0,349
0,2.24651,398,0,0,85.992,2,8192,0,0,205,0,0,0,0.005648,0,348,0,349
0,2.18437,387,0,3,32.044,2,8192,0,0,142,3,0,0,0.005648,0,351,0,352
0,2.39961,425,0,0,120.837,2,8192,0,0,204,0,0,0,0.005648,0,351,0,352
0,1.02763,182,0,0,80.339,2,8192,0,0,97,0,0,0,0.005648,0,351,0,352
0,2.24608,398,0,0,47.336,2,8192,0,0,205,0,0,0,0.005648,0,351,0,352
0,2.2191,393,0,3,83.791,2,8192,0,0,176,3,0,0,0.005648,0,354,0,355
0,1.59779,283,0,1,42.031,2,8192,0,0,113,1,0,0,0.005648,0,355,0,356
0,2.23616,396,0,0,82.719,2,8192,0,0,207,0,0,0,0.005648,0,355,0,356
0,2.17791,386,0,1,85.251,2,8192,0,0,186,1,0,0,0.005648,0,356,0,357
0,2.23595,396,0,0,84.102,2,8192,0,0,203,0,0,0,0.005648,0,356,0,357
0,2.04226,362,0,1,51.662,2,8192,0,0,147,1,0,0,0.005648,0,357,0,358
0,2.16271,383,0,1,54.718,2,8192,0,0,185,1,0,0,0.005648,0,358,0,359
0,1.98212,351,0,1,36.613,2,8192,0,0,148,1,0,0,0.005648,0,359,0,360
0,2.46551,437,0,0,51.577,2,8192,0,0,225,0,0,0,0.005648,0,359,0,360
0,1.94249,344,0,1,45.171,2,8192,0,0,148,1,0,0,0.005648,0,360,0,361
0,2.46207,436,0,0,58.693,2,8192,0,0,227,0,0,0,0.005648,0,360,0,361
0,2.50123,443,0,2,74.325,2,8192,0,0,199,2,0,0,0.005648,0,362,0,363
0,2.12051,376,0,2,72.85,2,8192,0,0,159,2,0,0,0.005648,0,364,0,365
0,2.37146,420,0,1,39.586,2,8192,0,0,178,1,0,0,0.005648,0,365,0,366
0,2.17768,386,0,0,59.517,2,8192,0,0,197,0,0,0,0.005648,0,365,0,366
0,1.71639,304,0,1,36.535,2,8192,0,0,125,1,0,0,0.005648,0,366,0,367
0,1.9351,343,0,0,52.506,2,8192,0,0,180,0,0,0,0.005648,0,366,0,367
0,2.62552,465,0,1,46.826,2,8192,0,0,224,1,0,0,0.005648,0,367,0,368
0,2.43792,432,0,1,69.464,2,8192,0,0,212,1,0,0,0.005648,0,368,0,369
0,2.11019,374,0,4,86.154,2,8192,0,0,141,4,0,0,0.005648,0,372,0,373
0,2.06671,366,0,2,97.964,2,8192,0,0,157,2,0,0,0.005648,0,374,0,375
0,2.74435,486,0,2,82.475,2,8192,0,0,204,2,0,0,0.005648,0,376,0,377
0,1.98204,351,0,1,50.067,2,8192,0,0,130,1,0,0,0.005648,0,377,0,378
0,1.78333,316,0,1,69.148,2,8192,0,0,147,1,0,0,0.005648,0,378,0,379
0,2.43238,431,0,2,74.087,2,8192,0,0,189,2,0,0,0.005648,0,380,0,381
0,1.918,341,0,1,51.293,2,8192,0,0,137,1,0,0,0.005648,0,381,0,382
0,2.1,372,0,0,64.041,2,8192,0,0,191,0,0,0,0.005648,0,381,0,382
0,2.42247,429,0,0,64.349,2,8192,0,0,224,0,0,0,0.005648,0,381,0,382
0,2.41058,427,0,2,62.656,2,8192,0,0,185,2,0,0,0.005648,0,383,0,384
0,1.04407,185,0,0,58.485,2,8192,0,0,79,0,0,0,0.005648,0,383,0,384
0,1.75036,310,0,0,36.869,2,8192,0,0,161,0,0,0,0.005648,0,383,0,384
0,2.45048,434,0,0,49.697,2,8192,0,0,223,0,0,0,0.005648,0,383,0,384
0,2.34324,415,0,3,74.077,2,8192,0,0,183,3,0,0,0.005648,0,386,0,387
0,2.5241,447,0,1,76.948,2,8192,0,0,200,1,0,0,0.005648,0,387,0,388
0,2.52344,447,0,3,67.355,2,8192,0,0,167,3,0,0,0.005648,0,390,0,391
0,2.1453,380,0,2,92.288,2,8192,0,0,141,2,0,0,0.005648,0,392,0,393
0,2.00921,356,0,0,50.479,2,8192,0,0,170,0,0,0,0.005648,0,392,0,393
0,2.10056,372,0,2,89.414,2,8192,0,0,165,2,0,0,0.005648,0,394,0,395
0,2.1097,374,0,2,77.02,2,8192,0,0,162,2,0,0,0.005648,0,396,0,397
0,2.33784,414,0,4,73.849,2,8192,0,0,154,4,0,0,0.005648,0,400,0,401
0,2.52803,448,0,3,76.519,2,8192,0,0,171,3,0,0,0.005648,0,403,0,404
0,2.32029,411,0,5,94.623,2,8192,0,0,146,5,0,0,0.005648,0,408,0,409
0,1.93119,342,0,1,46.382,2,8192,0,0,131,1,0,0,0.005648,0,409,0,410
0,2.1851,387,0,1,68.686,2,8192,0,0,186,1,0,0,0.005648,0,410,0,411
0,2.16274,383,0,0,63.491,2,8192,0,0,198,0,0,0,0.005648,0,410,0,411
0,2.0552,364,0,3,82.765,2,8192,0,0,149,3,0,0,0.005648,0,413,0,414
0,2.35056,419,0,3,79.701,2,8192,0,0,152,3,0,0,0.005648,0,416,0,417
0,2.04913,363,0,0,56.889,2,8192,0,0,150,0,0,0,0.005648,0,416,0,417
0,2.47219,438,0,0,54.287,2,8192,0,0,226,0,0,0,0.005648,0,416,0,417
0,2.31489,410,0,5,61.552,2,8192,0,0,161,5,0,0,0.005648,0,421,0,422
0,2.31349,410,0,3,95.677,2,8192,0,0,156,3,0,0,0.005648,0,424,0,425
0,2.64264,468,0,1,92.733,2,8192,0,0,225,1,0,0,0.005648,0,425,0,426
0,2.41067,427,0,4,87.466,2,8192,0,0,164,4,0,0,0.005648,0,429,0,430
0,2.13441,378,0,2,52.256,2,8192,0,0,130,2,0,0,0.005648,0,431,0,432
0,2.30365,408,0,1,69.681,2,8192,0,0,194,1,0,0,0.005648,0,432,0,433
0,2.15664,382,0,2,60.207,2,8192,0,0,168,2,0,0,0.005648,0,434,0,435
0,2.04993,363,0,4,69.763,2,8192,0,0,127,4,0,0,0.005648,0,438,0,439
0,1.76733,313,0,0,79.26,2,8192,0,0,132,0,0,0,0.005648,0,438,0,439
0,2.13994,379,0,1,64.957,2,8192,0,0,182,1,0,0,0.005648,0,439,0,440
0,2.11741,375,0,2,64.824,2,8192,0,0,162,2,0,0,0.005648,0,441,0,442
0,1.49585,265,0,1,80.011,2,8192,0,0,101,1,0,0,0.005648,0,442,0,443
0,2.27559,403,0,0,58.274,2,8192,0,0,207,0,0,0,0.005648,0,442,0,443
0,2.08357,369,0,0,147.105,2,8192,0,0,172,0,0,0,0.005648,0,442,0,443
0,1.93132,342,0,0,70.952,2,8192,0,0,181,0,0,0,0.005648,0,442,0,443
0,2.34242,415,0,0,45.719,2,8192,0,0,218,0,0,0,0.005648,0,442,0,443
0,2.53281,449,0,1,73.913,2,8192,0,0,215,1,0,0,0.005648,0,443,0,444
0,1.98673,352,0,2,42.243,2,8192,0,0,124,2,0,0,0.005648,0,445,0,446
0,2.38267,422,0,0,68.069,2,8192,0,0,215,0,0,0,0.005648,0,445,0,446
0,2.33229,413,0,1,63.111,2,8192,0,0,200,1,0,0,0.005648,0,446,0,447
0,2.17622,386,0,3,78.917,2,8192,0,0,154,3,0,0,0.005648,0,449,0,450
0,2.25123,399,0,3,91.439,2,8192,0,0,155,3,0,0,0.005648,0,452,0,453
0,2.16684,384,0,1,45.762,2,8192,0,0,135,1,0,0,0.005648,0,453,0,454
0,2.1737,385,0,0,60.442,2,8192,0,0,199,0,0,0,0.005648,0,453,0,454
0,2.17394,385,0,2,60.733,2,8192,0,0,167,2,0,0,0.005648,0,455,0,456
0,2.07476,368,0,1,33.535,2,8192,0,0,156,1,0,0,0.005648,0,456,0,457
0,2.39961,425,0,0,60.704,2,8192,0,0,222,0,0,0,0.005648,0,456,0,457
0,2.35457,417,0,3,65.087,2,8192,0,0,171,3,0,0,0.005648,0,459,0,460
0,2.34285,415,0,3,64.801,2,8192,0,0,160,3,0,0,0.005648,0,462,0,463
0,1.68752,299,0,1,62.694,2,8192,0,0,115,1,0,0,0.005648,0,463,0,464
0,2.38306,422,0,1,72.089,2,8192,0,0,204,1,0,0,0.005648,0,464,0,465
0,2.58597,458,0,1,65.292,2,8192,0,0,220,1,0,0,0.005648,0,465,0,466
0,2.31331,410,0,2,74.33,2,8192,0,0,193,2,0,0,0.005648,0,467,0,468
0,2.73162,484,0,6,75.167,2,8192,0,0,204,6,0,0,0.005648,0,473,0,474
0,2.45439,435,0,4,93.33,2,8192,0,0,181,4,0,0,0.005648,0,477,0,478
0,2.0916,372,0,4,97.908,2,8192,0,0,145,4,0,0,0.005648,0,481,0,482
0,2.54614,451,0,2,124.223,2,8192,0,0,183,2,0,0,0.005648,0,483,0,484
0,2.01552,357,0,3,120.86,2,8192,0,0,157,3,0,0,0.005648,0,486,0,487
0,2.51838,446,0,7,137.906,2,8192,0,0,129,7,0,0,0.005648,0,493,0,494
0,2.49566,442,0,4,115.874,2,8192,0,0,153,4,0,0,0.005648,0,497,0,498
0,1.67153,296,0,3,38.404,2,8192,0,0,83,3,0,0,0.005648,0,500,0,501
0,2.19097,388,0,3,80.739,2,8192,0,0,169,3,0,0,0.005648,0,503,0,504
0,2.2915,406,0,2,33.043,2,8192,0,0,154,2,0,0,0.005648,0,505,0,506
0,2.28586,405,0,0,61.992,2,8192,0,0,211,0,0,0,0.005648,0,505,0,506
0,2.36026,418,0,1,58.561,2,8192,0,0,202,1,0,0,0.005648,0,506,0,507
0,1.78903,317,0,1,65.691,2,8192,0,0,126,1,0,0,0.005648,0,507,0,508
0,1.29886,230,0,0,39.007,2,8192,0,0,111,0,0,0,0.005648,0,507,0,508
0,1.88053,333,0,0,56.743,2,8192,0,0,172,0,0,0,0.005648,0,507,0,508
0,2.3209,411,0,1,73.426,2,8192,0,0,196,1,0,0,0.005648,0,508,0,509
0,1.73361,307,0,3,74.692,2,8192,0,0,97,3,0,0,0.005648,0,511,0,512
0,1.82393,323,0,0,55.759,2,8192,0,0,167,0,0,0,0.005648,0,511,0,512
0,1.82245,323,0,1,52.281,2,8192,0,0,157,1,0,0,0.005648,0,512,0,513
0,2.38871,423,0,2,84.715,2,8192,0,0,190,2,0,0,0.005648,0,514,0,515
0,2.34882,416,0,3,83.686,2,8192,0,0,158,3,0,0,0.005648,0,517,0,518
0,2.1341,378,0,1,54.821,2,8192,0,0,155,1,0,0,0.005648,0,518,0,519
0,2.21292,392,0,0,100.059,2,8192,0,0,202,0,0,0,0.005648,0,518,0,519
0,2.04976,363,0,2,63.792,2,8192,0,0,170,2,0,0,0.005648,0,520,0,521
0,2.32599,412,0,3,81.23,2,8192,0,0,167,3,0,0,0.005648,0,523,0,524
0,2.4165,428,0,3,85.946,2,8192,0,0,177,3,0,0,0.005648,0,526,0,527
0,2.50674,445,0,3,77.855,2,8192,0,0,166,3,0,0,0.005648,0,529,0,530
0,2.27776,404,0,5,52.837,2,8192,0,0,116,5,0,0,0.005648,0,534,0,535
0,2.53556,449,0,0,46.513,2,8192,0,0,233,0,0,0,0.005648,0,534,0,535
0,2.4783,439,0,2,75.449,2,8192,0,0,198,2,0,0,0.005648,0,536,0,537
0,2.38811,423,0,5,80.779,2,8192,0,0,162,5,0,0,0.005648,0,541,0,542
0,2.4577,440,0,4,79.838,2,8192,0,0,186,4,0,0,0.005648,0,545,0,546
0,2.51221,445,0,3,96.1,2,8192,0,0,162,3,0,0,0.005648,0,548,0,549
0,1.60287,284,0,0,73.865,2,8192,0,0,126,0,0,0,0.005648,0,548,0,549
0,2.33192,413,0,0,70.866,2,8192,0,0,214,0,0,0,0.005648,0,548,0,549
0,2.25892,400,0,1,75.492,2,8192,0,0,186,1,0,0,0.005648,0,549,0,550
0,2.28337,405,0,2,75.191,2,8192,0,0,168,2,0,0,0.005648,0,551,0,552
0,2.15636,382,0,5,144.739,2,8192,0,0,138,5,0,0,0.005648,0,556,0,557
0,2.08331,369,0,6,100.694,2,8192,0,0,118,6,0,0,0.005648,0,562,0,563
0,2.18511,387,0,2,61.748,2,8192,0,0,140,2,0,0,0.005648,0,564,0,565
0,2.02006,358,0,0,85.041,2,8192,0,0,185,0,0,0,0.005648,0,564,0,565
0,2.29227,406,0,4,64.969,2,8192,0,0,148,4,0,0,0.005648,0,568,0,569
0,2.03743,361,0,0,37.89,2,8192,0,0,167,0,0,0,0.005648,0,568,0,569
0,2.36844,420,0,0,68.297,2,8192,0,0,219,0,0,0,0.005648,0,568,0,569
0,1.48479,263,0,1,55.137,2,8192,0,0,104,1,0,0,0.005648,0,569,0,570
0,2.10934,375,0,1,41.65,2,8192,0,0,180,1,0,0,0.005648,0,570,0,571
0,2.27536,403,0,1,54.054,2,8192,0,0,194,1,0,0,0.005648,0,571,0,572
0,2.05498,364,0,2,92.305,2,8192,0,0,162,2,0,0,0.005648,0,573,0,574
0,2.16211,383,0,5,58.03,2,8192,0,0,107,5,0,0,0.005648,0,578,0,579
0,1.67624,297,0,0,108.734,2,8192,0,0,142,0,0,0,0.005648,0,578,0,579
0,1.91955,340,0,0,37.28,2,8192,0,0,178,0,0,0,0.005648,0,578,0,579
0,2.03226,360,0,0,74.881,2,8192,0,0,185,0,0,0,0.005648,0,578,0,579
0,2.09398,371,0,2,70.951,2,8192,0,0,167,2,0,0,0.005648,0,580,0,581
0,2.22869,395,0,2,64.217,2,8192,0,0,167,2,0,0,0.005648,0,582,0,583
0,1.54148,273,0,2,39.124,2,8192,0,0,94,2,0,0,0.005648,0,584,0,585
0,2.44886,434,0,0,60.198,2,8192,0,0,224,0,0,0,0.005648,0,584,0,585
0,2.2814,404,0,1,62.091,2,8192,0,0,194,1,0,0,0.005648,0,585,0,586
0,2.59135,459,0,1,95.109,2,8192,0,0,218,1,0,0,0.005648,0,586,0,587
0,2.54101,450,0,4,73.158,2,8192,0,0,188,4,0,0,0.005648,0,590,0,591
0,2.61434,463,0,5,100.646,2,8192,0,0,172,5,0,0,0.005648,0,595,0,596
0,2.42242,429,0,1,42.834,2,8192,0,0,149,1,0,0,0.005648,0,596,0,597
0,1.64875,292,0,2,64.227,2,8192,0,0,106,2,0,0,0.005648,0,598,0,599
0,2.33632,416,0,0,45.867,2,8192,0,0,217,0,0,0,0.005648,0,598,0,599
0,2.38225,422,0,1,61.948,2,8192,0,0,201,1,0,0,0.005648,0,599,0,600
0,2.12294,376,0,2,91.389,2,8192,0,0,177,2,0,0,0.005648,0,601,0,602
0,1.76499,313,0,2,55.504,2,8192,0,0,105,2,0,0,0.005648,0,603,0,604
0,2.53405,449,0,0,63.232,2,8192,0,0,236,0,0,0,0.005648,0,603,0,604
0,2.19499,389,0,2,64.022,2,8192,0,0,173,2,0,0,0.005648,0,605,0,606
0,1.71647,304,0,2,48.892,2,8192,0,0,125,2,0,0,0.005648,0,607,0,608
0,2.55758,453,0,0,68.525,2,8192,0,0,235,0,0,0,0.005648,0,607,0,608
0,1.8117,321,0,1,42.616,2,8192,0,0,134,1,0,0,0.005648,0,608,0,609
0,2.00062,355,0,0,58.902,2,8192,0,0,185,0,0,0,0.005648,0,608,0,609
0,2.57477,456,0,1,56.839,2,8192,0,0,220,1,0,0,0.005648,0,609,0,610
0,2.42661,430,0,2,69.325,2,8192,0,0,168,2,0,0,0.005648,0,611,0,612
0,1.90256,337,0,0,57.092,2,8192,0,0,175,0,0,0,0.005648,0,611,0,612
0,1.99324,353,0,1,30.431,2,8192,0,0,155,1,0,0,0.005648,0,612,0,613
0,1.86783,331,0,0,62.783,2,8192,0,0,172,0,0,0,0.005648,0,612,0,613
0,2.0667,366,0,0,57.694,2,8192,0,0,192,0,0,0,0.005648,0,612,0,613
0,2.34326,415,0,1,70.803,2,8192,0,0,200,1,0,0,0.005648,0,613,0,614
0,2.09846,372,0,1,39.735,2,8192,0,0,158,1,0,0,0.005648,0,614,0,615
0,2.20566,391,0,1,61.555,2,8192,0,0,190,1,0,0,0.005648,0,615,0,616
0,2.42821,430,0,1,66.993,2,8192,0,0,208,1,0,0,0.005648,0,616,0,617
0,1.85144,328,0,2,81.924,2,8192,0,0,136,2,0,0,0.005648,0,618,0,619
0,2.16248,383,0,0,75.088,2,8192,0,0,196,0,0,0,0.005648,0,618,0,619
0,2.11159,374,0,2,61.003,2,8192,0,0,176,2,0,0,0.005648,0,620,0,621
0,2.24732,398,0,3,43.315,2,8192,0,0,154,3,0,0,0.005648,0,623,0,624
0,2.36004,418,0,0,59.403,2,8192,0,0,215,0,0,0,0.005648,0,623,0,624
0,2.23537,396,0,2,80.159,2,8192,0,0,179,2,0,0,0.005648,0,625,0,626
0,1.28046,227,0,0,53.267,2,8192,0,0,95,0,0,0,0.005648,0,625,0,626
0,2.29781,407,0,0,47.353,2,8192,0,0,210,0,0,0,0.005648,0,625,0,626
0,2.58028,457,0,3,61.912,2,8192,0,0,190,3,0,0,0.005648,0,628,0,629
0,2.10553,373,0,3,95.398,2,8192,0,0,157,3,0,0,0.005648,0,631,0,632
0,2.25241,399,0,1,82.889,2,8192,0,0,188,1,0,0,0.005648,0,632,0,633
0,2.38266,422,0,5,86.702,2,8192,0,0,130,5,0,0,0.005648,0,637,0,638
0,2.31486,410,0,4,100.603,2,8192,0,0,145,4,0,0,0.005648,0,641,0,642
0,2.61316,463,0,4,113.471,2,8192,0,0,178,4,0,0,0.005648,0,645,0,646
0,1.68146,298,0,2,54.099,2,8192,0,0,102,2,0,0,0.005648,0,647,0,648
0,2.23561,396,0,3,54.953,2,8192,0,0,159,3,0,0,0.005648,0,650,0,651
0,2.37069,420,0,1,64.223,2,8192,0,0,199,1,0,0,0.005648,0,651,0,652
0,2.07012,367,0,3,119.252,2,8192,0,0,153,3,0,0,0.005648,0,654,0,655
0,2.21232,392,0,5,87.771,2,8192,0,0,140,5,0,0,0.005648,0,659,0,660
0,2.03826,361,0,1,56.16,2,8192,0,0,143,1,0,0,0.005648,0,660,0,661
0,1.95363,346,0,2,65.662,2,8192,0,0,135,2,0,0,0.005648,0,662,0,663
0,1.59245,282,0,0,37.348,2,8192,0,0,150,0,0,0,0.005648,0,662,0,663
0,1.65994,294,0,0,78.211,2,8192,0,0,151,0,0,0,0.005648,0,662,0,663
0,2.12147,376,0,1,62.664,2,8192,0,0,182,1,0,0,0.005648,0,663,0,664
0,2.29838,407,0,2,137.394,2,8192,0,0,173,2,0,0,0.005648,0,665,0,666
0,2.3774,421,0,4,66.797,2,8192,0,0,177,4,0,0,0.005648,0,669,0,670
0,1.74498,309,0,3,42.027,2,8192,0,0,98,3,0,0,0.005648,0,672,0,673
0,1.9705,349,0,1,129.516,2,8192,0,0,155,1,0,0,0.005648,0,673,0,674
0,1.98653,352,0,0,35.036,2,8192,0,0,183,0,0,0,0.005648,0,673,0,674
0,1.95922,347,0,1,61.597,2,8192,0,0,151,1,0,0,0.005648,0,674,0,675
0,2.21881,393,0,0,38.454,2,8192,0,0,203,0,0,0,0.005648,0,674,0,675
0,1.98007,351,0,0,76.082,2,8192,0,0,183,0,0,0,0.005648,0,674,0,675
0,2.33584,414,0,2,89.83,2,8192,0,0,184,2,0,0,0.005648,0,676,0,677
0,2.55338,454,0,1,66.659,2,8192,0,0,217,1,0,0,0.005648,0,677,0,678
0,2.53789,450,0,5,66.32,2,8192,0,0,171,5,0,0,0.005648,0,682,0,683
0,2.27527,403,0,4,95.279,2,8192,0,0,117,4,0,0,0.005648,0,686,0,687
0,2.07117,367,0,0,50.184,2,8192,0,0,165,0,0,0,0.005648,0,686,0,687
0,2.26269,401,0,2,65.335,2,8192,0,0,178,2,0,0,0.005648,0,688,0,689
0,1.56404,277,0,1,91.427,2,8192,0,0,109,1,0,0,0.005648,0,689,0,690
0,1.40367,249,0,0,75.578,2,8192,0,0,131,0,0,0,0.005648,0,689,0,690
0,2.02114,358,0,3,76.218,2,8192,0,0,148,3,0,0,0.005648,0,692,0,693
0,2.20196,390,0,2,79.525,2,8192,0,0,185,2,0,0,0.005648,0,694,0,695
0,1.69093,300,0,0,53.789,2,8192,0,0,139,0,0,0,0.005648,0,694,0,695
0,2.15135,381,0,0,45.27,2,8192,0,0,198,0,0,0,0.005648,0,694,0,695
0,2.06584,366,0,3,62.382,2,8192,0,0,143,3,0,0,0.005648,0,697,0,698
0,2.4552,435,0,3,77.96,2,8192,0,0,172,3,0,0,0.005648,0,700,0,701
0,1.16248,206,0,1,36.015,2,8192,0,0,71,1,0,0,0.005648,0,701,0,702
0,1.39915,248,0,0,40.981,2,8192,0,0,132,0,0,0,0.005648,0,701,0,702
0,2.02173,359,0,0,49.345,2,8192,0,0,189,0,0,0,0.005648,0,701,0,702
0,2.10556,373,0,1,67.87,2,8192,0,0,178,1,0,0,0.005648,0,702,0,703
0,2.30313,408,0,2,76.531,2,8192,0,0,178,2,0,0,0.005648,0,704,0,705
0,1.94589,345,0,1,41.936,2,8192,0,0,142,1,0,0,0.005648,0,705,0,706
0,1.43892,255,0,0,54.87,2,8192,0,0,137,0,0,0,0.005648,0,705,0,706
0,1.82366,323,0,1,71.227,2,8192,0,0,155,1,0,0,0.005648,0,706,0,707
0,2.28656,405,0,2,94.563,2,8192,0,0,175,2,0,0,0.005648,0,708,0,709
0,2.39979,425,0,4,67.451,2,8192,0,0,162,4,0,0,0.005648,0,712,0,713
0,2.29118,406,0,3,90.73,2,8192,0,0,166,3,0,0,0.005648,0,715,0,716
0,2.17952,386,0,3,78.499,2,8192,0,0,131,3,0,0,0.005648,0,718,0,719
0,2.52358,447,0,4,104.363,2,8192,0,0,161,4,0,0,0.005648,0,722,0,723
0,1.62571,288,0,1,59.328,2,8192,0,0,95,1,0,0,0.005648,0,723,0,724
0,2.33009,413,0,1,57.095,2,8192,0,0,200,1,0,0,0.005648,0,724,0,725
0,2.35912,418,0,1,104.009,2,8192,0,0,196,1,0,0,0.005648,0,725,0,726
0,2.17301,385,0,3,145.584,2,8192,0,0,163,3,0,0,0.005648,0,728,0,729
0,1.98766,352,0,6,110.504,2,8192,0,0,118,6,0,0,0.005648,0,734,0,735
0,1.69791,301,0,0,42.314,2,8192,0,0,134,0,0,0,0.005648,0,734,0,735
0,2.03814,361,0,0,105.864,2,8192,0,0,185,0,0,0,0.005648,0,734,0,735
0,2.29172,406,0,1,80.39,2,8192,0,0,194,1,0,0,0.005648,0,735,0,736
0,0.999501,177,0,1,36.86,2,8192,0,0,51,1,0,0,0.005648,0,736,0,737
0,0.615513,109,0,0,48.527,2,8192,0,0,56,0,0,0,0.005648,0,736,0,737
0,1.5567,276,0,0,58.056,2,8192,0,0,147,0,0,0,0.005648,0,736,0,737
0,2.33718,414,0,0,69.556,2,8192,0,0,213,0,0,0,0.005648,0,736,0,737
0,2.29223,406,0,2,75.25,2,8192,0,0,185,2,0,0,0.005648,0,738,0,739
0,2.45081,434,0,3,60.253,2,8192,0,0,189,3,0,0,0.005648,0,741,0,742
0,2.22871,395,0,3,76.399,2,8192,0,0,147,3,0,0,0.005648,0,744,0,745
0,2.15139,381,0,4,41.852,2,8192,0,0,134,4,0,0,0.005648,0,748,0,749
0,2.21289,392,0,0,58.996,2,8192,0,0,201,0,0,0,0.005648,0,748,0,749
0,2.1157,375,0,1,43.968,2,8192,0,0,161,1,0,0,0.005648,0,749,0,750
0,1.9084,338,0,1,110.868,2,8192,0,0,164,1,0,0,0.005648,0,750,0,751
0,2.32087,411,0,1,45.768,2,8192,0,0,200,1,0,0,0.005648,0,751,0,752
0,2.0667,366,0,0,76.335,2,8192,0,0,188,0,0,0,0.005648,0,751,0,752
0,2.52247,447,0,3,86.787,2,8192,0,0,183,3,0,0,0.005648,0,754,0,755
0,2.50613,444,0,4,85.449,2,8192,0,0,159,4,0,0,0.005648,0,758,0,759
0,2.26346,401,0,5,75.776,2,8192,0,0,136,5,0,0,0.005648,0,763,0,764
0,1.10005,195,0,1,55.928,2,8192,0,0,55,1,0,0,0.005648,0,764,0,765
0,1.75105,311,0,0,38.598,2,8192,0,0,162,0,0,0,0.005648,0,764,0,765
0,2.00466,355,0,0,80.316,2,8192,0,0,185,0,0,0,0.005648,0,764,0,765
0,2.45606,435,0,0,63.714,2,8192,0,0,226,0,0,0,0.005648,0,764,0,765
0,2.52363,447,0,1,78.546,2,8192,0,0,212,1,0,0,0.005648,0,765,0,766
0,2.23024,395,0,3,105.568,2,8192,0,0,167,3,0,0,0.005648,0,768,0,769
0,1.92363,341,0,2,64.146,2,8192,0,0,109,2,0,0,0.005648,0,770,0,771
0,2.31982,411,0,1,40.734,2,8192,0,0,200,1,0,0,0.005648,0,771,0,772
0,2.09493,371,0,2,76.296,2,8192,0,0,159,2,0,0,0.005648,0,773,0,774
0,1.8118,321,0,0,76.682,2,8192,0,0,150,0,0,0,0.005648,0,773,0,774
0,2.24686,398,0,0,63.21,2,8192,0,0,205,0,0,0,0.005648,0,773,0,774
0,2.39984,425,0,2,74.874,2,8192,0,0,188,2,0,0,0.005648,0,775,0,776
0,2.12773,377,0,3,46.149,2,8192,0,0,124,3,0,0,0.005648,0,778,0,779
0,1.77299,314,0,1,61.38,2,8192,0,0,152,1,0,0,0.005648,0,779,0,780
0,2.45582,435,0,1,69.921,2,8192,0,0,210,1,0,0,0.005648,0,780,0,781
0,2.34115,415,0,2,64.29,2,8192,0,0,181,2,0,0,0.005648,0,782,0,783
0,2.40576,426,0,4,88.629,2,8192,0,0,152,4,0,0,0.005648,0,786,0,787
0,1.98726,352,0,0,38.05,2,8192,0,0,159,0,0,0,0.005648,0,786,0,787
0,2.58632,458,0,0,67.746,2,8192,0,0,235,0,0,0,0.005648,0,786,0,787
0,2.48369,440,0,3,74.676,2,8192,0,0,180,3,0,0,0.005648,0,789,0,790
0,2.49598,442,0,4,67.257,2,8192,0,0,186,4,0,0,0.005648,0,793,0,794
0,1.96505,348,0,3,80.435,2,8192,0,0,118,3,0,0,0.005648,0,796,0,797
0,2.05503,364,0,0,76.808,2,8192,0,0,188,0,0,0,0.005648,0,796,0,797
0,2.33713,414,0,1,80.545,2,8192,0,0,198,1,0,0,0.005648,0,797,0,798
0,1.9481,345,0,2,73.949,2,8192,0,0,120,2,0,0,0.005648,0,799,0,800
0,0.507992,90,0,0,36.649,2,8192,0,0,47,0,0,0,0.005648,0,799,0,800
0,1.44541,256,0,0,76.643,2,8192,0,0,135,0,0,0,0.005648,0,799,0,800
0,2.19032,388,0,0,48.703,2,8192,0,0,199,0,0,0,0.005648,0,799,0,800
0,1.8106,321,0,0,76.452,2,8192,0,0,163,0,0,0,0.005648,0,799,0,800
0,2.39951,425,0,1,76.273,2,8192,0,0,203,1,0,0,0.005648,0,800,0,801
0,1.97055,349,0,5,56.948,2,8192,0,0,122,5,0,0,0.005648,0,805,0,806
0,1.25203,222,0,0,43.093,2,8192,0,0,99,0,0,0,0.005648,0,805,0,806
0,1.88435,334,0,0,57.811,2,8192,0,0,173,0,0,0,0.005648,0,805,0,806
0,2.2246,394,0,1,118.584,2,8192,0,0,188,1,0,0,0.005648,0,806,0,807
0,2.32064,411,0,2,96.287,2,8192,0,0,172,2,0,0,0.005648,0,808,0,809
0,2.34432,416,0,0,58.454,2,8192,0,0,200,0,0,0,0.005648,0,808,0,809
0,2.0328,360,0,0,113.969,2,8192,0,0,186,0,0,0,0.005648,0,808,0,809
0,2.09484,371,0,2,80.574,2,8192,0,0,160,2,0,0,0.005648,0,810,0,811
0,2.12251,376,0,4,73.435,2,8192,0,0,128,4,0,0,0.005648,0,814,0,815
0,2.54092,450,0,3,97.876,2,8192,0,0,187,3,0,0,0.005648,0,817,0,818
0,1.51895,269,0,0,62.522,2,8192,0,0,102,0,0,0,0.005648,0,817,0,818
0,2.00428,355,0,0,102.937,2,8192,0,0,184,0,0,0,0.005648,0,817,0,818
0,2.03855,361,0,3,74.697,2,8192,0,0,156,3,0,0,0.005648,0,820,0,821
0,1.26373,224,0,1,30.501,2,8192,0,0,82,1,0,0,0.005648,0,821,0,822
0,1.55945,277,0,0,62.854,2,8192,0,0,146,0,0,0,0.005648,0,821,0,822
0,2.24041,397,0,1,53.36,2,8192,0,0,196,1,0,0,0.005648,0,822,0,823
0,2.08892,370,0,0,108.425,2,8192,0,0,191,0,0,0,0.005648,0,822,0,823
0,2.2585,400,0,3,70.112,2,8192,0,0,159,3,0,0,0.005648,0,825,0,826
0,2.12278,376,0,2,33.539,2,8192,0,0,135,2,0,0,0.005648,0,827,0,828
0,2.34733,416,0,0,63.034,2,8192,0,0,212,0,0,0,0.005648,0,827,0,828
0,1.82871,324,0,1,35.492,2,8192,0,0,141,1,0,0,0.005648,0,828,0,829
0,2.22916,396,0,0,45.946,2,8192,0,0,202,0,0,0,0.005648,0,828,0,829
0,2.24657,398,0,1,73.656,2,8192,0,0,190,1,0,0,0.005648,0,829,0,830
0,2.31399,410,0,0,92.637,2,8192,0,0,209,0,0,0,0.005648,0,829,0,830
0,2.20751,391,0,2,36.006,2,8192,0,0,145,2,0,0,0.005648,0,831,0,832
0,2.36013,418,0,0,35.999,2,8192,0,0,200,0,0,0,0.005648,0,831,0,832
0,1.81603,322,0,0,29.86,2,8192,0,0,158,0,0,0,0.005648,0,831,0,832
0,1.40547,249,0,0,94.558,2,8192,0,0,131,0,0,0,0.005648,0,831,0,832
0,1.87962,333,0,0,64.533,2,8192,0,0,174,0,0,0,0.005648,0,831,0,832
0,2.28621,405,0,2,58.264,2,8192,0,0,182,2,0,0,0.005648,0,833,0,834
0,2.15689,382,0,1,94.313,2,8192,0,0,179,1,0,0,0.005648,0,834,0,835
0,2.60277,461,0,2,61.845,2,8192,0,0,201,2,0,0,0.005648,0,836,0,837
0,2.34896,416,0,3,99.004,2,8192,0,0,150,3,0,0,0.005648,0,839,0,840
0,2.03131,360,0,0,118.737,2,8192,0,0,187,0,0,0,0.005648,0,839,0,840
0,2.47837,440,0,4,87.296,2,8192,0,0,155,4,0,0,0.005648,0,843,0,844
0,2.03809,361,0,5,77.159,2,8192,0,0,103,5,0,0,0.005648,0,848,0,849
0,2.13302,378,0,1,71.86,2,8192,0,0,182,1,0,0,0.005648,0,849,0,850
0,2.28119,404,0,3,71.366,2,8192,0,0,173,3,0,0,0.005648,0,852,0,853
0,2.43395,431,0,2,58.895,2,8192,0,0,190,2,0,0,0.005648,0,854,0,855
0,2.37501,421,0,2,94.463,2,8192,0,0,193,2,0,0,0.005648,0,856,0,857
0,2.3526,417,0,5,33.016,2,8192,0,0,122,5,0,0,0.005648,0,861,0,862
0,2.20777,391,0,1,70.028,2,8192,0,0,190,1,0,0,0.005648,0,862,0,863
0,2.39927,425,0,1,79.705,2,8192,0,0,203,1,0,0,0.005648,0,863,0,864
0,2.17396,385,0,3,69.062,2,8192,0,0,127,3,0,0,0.005648,0,866,0,867
0,2.30605,409,0,0,47.87,2,8192,0,0,213,0,0,0,0.005648,0,866,0,867
0,2.33766,414,0,3,57.74,2,8192,0,0,173,3,0,0,0.005648,0,869,0,870
0,2.22355,394,0,2,77.856,2,8192,0,0,171,2,0,0,0.005648,0,871,0,872
0,2.24701,398,0,4,91.209,2,8192,0,0,132,4,0,0,0.005648,0,875,0,876
0,1.58497,281,0,1,94.667,2,8192,0,0,104,1,0,0,0.005648,0,876,0,877
0,1.40016,248,0,0,32.267,2,8192,0,0,117,0,0,0,0.005648,0,876,0,877
0,1.89716,336,0,0,54.302,2,8192,0,0,175,0,0,0,0.005648,0,876,0,877
0,2.34304,415,0,1,45.472,2,8192,0,0,203,1,0,0,0.005648,0,877,0,878
0,2.3693,424,0,3,78.672,2,8192,0,0,172,3,0,0,0.005648,0,880,0,881
0,2.33547,414,0,4,66.759,2,8192,0,0,160,4,0,0,0.005648,0,884,0,885
0,2.16828,384,0,3,86.769,2,8192,0,0,119,3,0,0,0.005648,0,887,0,888
0,2.03082,360,0,0,40.273,2,8192,0,0,186,0,0,0,0.005648,0,887,0,888
0,1.91247,339,0,1,66.547,2,8192,0,0,162,1,0,0,0.005648,0,888,0,889
0,1.88029,333,0,2,33.512,2,8192,0,0,125,2,0,0,0.005648,0,890,0,891
0,2.30945,409,0,0,55.72,2,8192,0,0,211,0,0,0,0.005648,0,890,0,891
0,2.45647,435,0,1,62.125,2,8192,0,0,209,1,0,0,0.005648,0,891,0,892
0,2.60126,461,0,1,81.931,2,8192,0,0,219,1,0,0,0.005648,0,892,0,893
0,2.39708,425,0,4,93.542,2,8192,0,0,149,4,0,0,0.005648,0,896,0,897
0,2.58399,458,0,4,65.026,2,8192,0,0,164,4,0,0,0.005648,0,900,0,901
0,2.29703,407,0,3,49.424,2,8192,0,0,140,3,0,0,0.005648,0,903,0,904
0,2.38251,422,0,1,68.244,2,8192,0,0,210,1,0,0,0.005648,0,904,0,905
0,2.40509,426,0,3,65.624,2,8192,0,0,173,3,0,0,0.005648,0,907,0,908
0,2.57989,457,0,3,63.75,2,8192,0,0,179,3,0,0,0.005648,0,910,0,911
0,1.852,328,0,2,60.057,2,8192,0,0,108,2,0,0,0.005648,0,912,0,913
0,2.21341,392,0,0,65.562,2,8192,0,0,201,0,0,0,0.005648,0,912,0,913
0,2.24722,398,0,2,63.382,2,8192,0,0,178,2,0,0,0.005648,0,914,0,915
0,2.08681,370,0,4,127.948,2,8192,0,0,137,4,0,0,0.005648,0,918,0,919
0,1.53585,272,0,1,38.408,2,8192,0,0,103,1,0,0,0.005648,0,919,0,920
0,2.07696,368,0,1,63.911,2,8192,0,0,177,1,0,0,0.005648,0,920,0,921
0,2.10002,372,0,3,61.494,2,8192,0,0,149,3,0,0,0.005648,0,923,0,924
0,2.21197,392,0,2,70.868,2,8192,0,0,167,2,0,0,0.005648,0,925,0,926
0,2.35334,417,0,6,65.737,2,8192,0,0,141,6,0,0,0.005648,0,931,0,932
0,1.86796,331,0,1,57.585,2,8192,0,0,131,1,0,0,0.005648,0,932,0,933
0,2.52177,447,0,0,68.589,2,8192,0,0,230,0,0,0,0.005648,0,932,0,933
0,2.4334,431,0,1,63.875,2,8192,0,0,207,1,0,0,0.005648,0,933,0,934
0,2.34107,415,0,3,69.633,2,8192,0,0,175,3,0,0,0.005648,0,936,0,937
0,2.12178,376,0,3,57.286,2,8192,0,0,112,3,0,0,0.005648,0,939,0,940
0,2.25234,399,0,1,56.502,2,8192,0,0,193,1,0,0,0.005648,0,940,0,941
0,2.25702,400,0,2,62.383,2,8192,0,0,175,2,0,0,0.005648,0,942,0,943
0,2.48139,440,0,3,62.781,2,8192,0,0,173,3,0,0,0.005648,0,945,0,946
0,2.22459,394,0,2,40.395,2,8192,0,0,161,2,0,0,0.005648,0,947,0,948
0,2.08819,370,0,1,49.391,2,8192,0,0,181,1,0,0,0.005648,0,948,0,949
0,2.60064,461,0,1,72.505,2,8192,0,0,220,1,0,0,0.005648,0,949,0,950
0,2.35795,418,0,5,79.809,2,8192,0,0,164,5,0,0,0.005648,0,954,0,955
0,1.5013,266,0,1,25.532,2,8192,0,0,98,1,0,0,0.005648,0,955,0,956
0,1.94792,345,0,0,43.208,2,8192,0,0,176,0,0,0,0.005648,0,955,0,956
0,2.09461,371,0,1,63.089,2,8192,0,0,180,1,0,0,0.005648,0,956,0,957
0,2.00989,356,0,1,70.089,2,8192,0,0,169,1,0,0,0.005648,0,957,0,958
0,2.38071,422,0,3,103.279,2,8192,0,0,186,3,0,0,0.005648,0,960,0,961
0,2.30884,409,0,3,66.953,2,8192,0,0,172,3,0,0,0.005648,0,963,0,964
0,2.18537,387,0,4,78.734,2,8192,0,0,136,4,0,0,0.005648,0,967,0,968
0,1.91413,339,0,1,55.182,2,8192,0,0,131,1,0,0,0.005648,0,968,0,969
0,2.12749,377,0,1,86.625,2,8192,0,0,182,1,0,0,0.005648,0,969,0,970
0,2.07757,368,0,3,86.435,2,8192,0,0,139,3,0,0,0.005648,0,972,0,973
0,2.33721,414,0,2,94.29,2,8192,0,0,196,2,0,0,0.005648,0,974,0,975
0,2.38705,423,0,3,86.366,2,8192,0,0,176,3,0,0,0.005648,0,977,0,978
0,2.13424,378,0,6,133.022,2,8192,0,0,122,6,0,0,0.005648,0,983,0,984
0,1.93676,343,0,1,65.468,2,8192,0,0,147,1,0,0,0.005648,0,984,0,985
0,2.21904,393,0,1,50.917,2,8192,0,0,189,1,0,0,0.005648,0,985,0,986
0,2.44499,433,0,1,79.115,2,8192,0,0,204,1,0,0,0.005648,0,986,0,987
0,2.48453,440,0,2,64.897,2,8192,0,0,188,2,0,0,0.005648,0,988,0,989
0,2.16183,383,0,6,79.108,2,8192,0,0,131,6,0,0,0.005648,0,994,0,995
0,2.49971,443,0,2,85.585,2,8192,0,0,187,2,0,0,0.005648,0,996,0,997
0,2.23011,395,0,5,104.621,2,8192,0,0,102,5,0,0,0.005648,0,1001,0,1002
0,2.42787,430,0,5,107.697,2,8192,0,0,169,5,0,0,0.005648,0,1006,0,1007
0,2.23545,396,0,6,120.879,2,8192,0,0,149,6,0,0,0.005648,0,1012,0,1013
0,2.69902,478,0,6,109.113,2,8192,0,0,141,6,0,0,0.005648,0,1018,0,1019
0,1.94228,344,0,7,131.461,2,8192,0,0,79,7,0,0,0.005648,0,1025,0,1026
0,2.41676,428,0,7,108.394,2,8192,0,0,129,7,0,0,0.005648,0,1032,0,1033
0,2.59978,461,0,4,125.693,2,8192,0,0,144,4,0,0,0.005648,0,1036,0,1037
0,1.82906,324,0,6,46.944,2,8192,0,0,74,6,0,0,0.005648,0,1042,0,1043
0,2.42738,430,0,2,74.666,2,8192,0,0,193,2,0,0,0.005648,0,1044,0,1045
0,1.99853,354,0,1,48.503,2,8192,0,0,137,1,0,0,0.005648,0,1045,0,1046
0,2.4053,426,0,0,68.539,2,8192,0,0,218,0,0,0,0.005648,0,1045,0,1046
0,2.28017,404,0,1,76.059,2,8192,0,0,191,1,0,0,0.005648,0,1046,0,1047
0,2.29854,407,0,3,33.346,2,8192,0,0,140,3,0,0,0.005648,0,1049,0,1050
0,2.47905,439,0,0,57.974,2,8192,0,0,226,0,0,0,0.005648,0,1049,0,1050
0,2.00181,355,0,1,41.876,2,8192,0,0,150,1,0,0,0.005648,0,1050,0,1051
0,2.19067,388,0,0,44.553,2,8192,0,0,198,0,0,0,0.005648,0,1050,0,1051
0,2.24169,397,0,2,53.018,2,8192,0,0,176,2,0,0,0.005648,0,1052,0,1053
0,1.92496,341,0,3,79.365,2,8192,0,0,131,3,0,0,0.005648,0,1055,0,1056
0,2.10532,373,0,3,85.692,2,8192,0,0,141,3,0,0,0.005648,0,1058,0,1059
0,2.16811,384,0,6,79.487,2,8192,0,0,122,6,0,0,0.005648,0,1064,0,1065
0,2.13901,379,0,4,95.558,2,8192,0,0,110,4,0,0,0.005648,0,1068,0,1069
0,2.21911,393,0,0,49.578,2,8192,0,0,202,0,0,0,0.005648,0,1068,0,1069
0,2.23591,396,0,2,36.542,2,8192,0,0,159,2,0,0,0.005648,0,1070,0,1071
0,2.28679,405,0,0,58.788,2,8192,0,0,209,0,0,0,0.005648,0,1070,0,1071
0,2.31897,411,0,1,52.951,2,8192,0,0,199,1,0,0,0.005648,0,1071,0,1072
0,2.3589,418,0,1,55.992,2,8192,0,0,195,1,0,0,0.005648,0,1072,0,1073
0,2.37035,420,0,2,96.966,2,8192,0,0,194,2,0,0,0.005648,0,1074,0,1075
0,2.30231,408,0,4,86.728,2,8192,0,0,133,4,0,0,0.005648,0,1078,0,1079
0,2.02137,358,0,3,53.205,2,8192,0,0,95,3,0,0,0.005648,0,1081,0,1082
0,1.23101,218,0,0,31.126,2,8192,0,0,115,0,0,0,0.005648,0,1081,0,1082
0,1.67149,296,0,0,71.391,2,8192,0,0,153,0,0,0,0.005648,0,1081,0,1082
0,2.18511,387,0,0,117.773,2,8192,0,0,200,0,0,0,0.005648,0,1081,0,1082
0,1.9087,338,0,1,72.187,2,8192,0,0,162,1,0,0,0.005648,0,1082,0,1083
0,2.42755,430,0,3,85.406,2,8192,0,0,194,3,0,0,0.005648,0,1085,0,1086
0,2.24171,397,0,5,100.053,2,8192,0,0,138,5,0,0,0.005648,0,1090,0,1091
0,2.18429,387,0,4,101.012,2,8192,0,0,148,4,0,0,0.005648,0,1094,0,1095
0,2.19631,389,0,2,131.725,2,8192,0,0,145,2,0,0,0.005648,0,1096,0,1097
0,2.01486,357,0,5,113.827,2,8192,0,0,101,5,0,0,0.005648,0,1101,0,1102
0,2.29198,406,0,7,116.438,2,8192,0,0,126,7,0,0,0.005648,0,1108,0,1109
0,2.34772,416,0,6,119.318,2,8192,0,0,129,6,0,0,0.005648,0,1114,0,1115
0,2.38853,423,0,5,93.609,2,8192,0,0,142,5,0,0,0.005648,0,1119,0,1120
0,2.28666,405,0,9,113.637,2,8192,0,0,118,9,0,0,0.005648,0,1128,0,1129
0,2.33096,413,0,9,114.707,2,8192,0,0,130,9,0,0,0.005648,0,1137,0,1138
0,1.55861,276,0,4,59.809,2,8192,0,0,58,4,0,0,0.005648,0,1141,0,1142
0,2.45587,435,0,2,79.734,2,8192,0,0,193,2,0,0,0.005648,0,1143,0,1144
0,1.67575,297,0,1,52.804,2,8192,0,0,115,1,0,0,0.005648,0,1144,0,1145
0,2.2011,390,0,1,51.934,2,8192,0,0,200,1,0,0,0.005648,0,1145,0,1146
0,2.35988,418,0,0,45.853,2,8192,0,0,189,0,0,0,0.005648,0,1145,0,1146
0,2.06632,366,0,0,59.69,2,8192,0,0,189,0,0,0,0.005648,0,1145,0,1146
0,2.41484,428,0,1,50.09,2,8192,0,0,205,1,0,0,0.005648,0,1146,0,1147
0,2.13357,378,0,3,97.157,2,8192,0,0,170,3,0,0,0.005648,0,1149,0,1150
0,2.03171,360,0,2,74.406,2,8192,0,0,141,2,0,0,0.005648,0,1151,0,1152
0,1.8517,328,0,0,56.859,2,8192,0,0,170,0,0,0,0.005648,0,1151,0,1152
0,2.13355,378,0,0,87.627,2,8192,0,0,196,0,0,0,0.005648,0,1151,0,1152
0,1.85779,329,0,3,64.977,2,8192,0,0,122,3,0,0,0.005648,0,1154,0,1155
0,2.49692,443,0,4,64.825,2,8192,0,0,195,4,0,0,0.005648,0,1158,0,1159
0,2.0552,364,0,5,81.644,2,8192,0,0,111,5,0,0,0.005648,0,1163,0,1164
0,1.83494,325,0,0,61.568,2,8192,0,0,150,0,0,0,0.005648,0,1163,0,1164
0,2.52379,447,0,2,63.991,2,8192,0,0,201,2,0,0,0.005648,0,1165,0,1166
0,2.00965,356,0,2,36.132,2,8192,0,0,134,2,0,0,0.005648,0,1167,0,1168
0,2.3602,418,0,0,43.981,2,8192,0,0,219,0,0,0,0.005648,0,1167,0,1168
0,2.16743,384,0,2,63.411,2,8192,0,0,168,2,0,0,0.005648,0,1169,0,1170
0,2.12313,376,0,1,70.971,2,8192,0,0,180,1,0,0,0.005648,0,1170,0,1171
0,2.40676,428,0,3,78.747,2,8192,0,0,202,3,0,0,0.005648,0,1173,0,1174
0,2.26415,401,0,5,112.005,2,8192,0,0,134,5,0,0,0.005648,0,1178,0,1179
0,2.24169,397,0,4,106.9,2,8192,0,0,145,4,0,0,0.005648,0,1182,0,1183
0,2.26981,402,0,8,98.755,2,8192,0,0,127,8,0,0,0.005648,0,1190,0,1191
0,1.46793,260,0,5,153.479,2,8192,0,0,59,5,0,0,0.005648,0,1195,0,1196
0,2.29711,407,0,0,62.366,2,8192,0,0,188,0,0,0,0.005648,0,1195,0,1196
0,2.48915,441,0,2,62.191,2,8192,0,0,195,2,0,0,0.005648,0,1197,0,1198
0,2.55126,452,0,2,79.811,2,8192,0,0,216,2,0,0,0.005648,0,1199,0,1200
0,2.18447,387,0,5,100.242,2,8192,0,0,116,5,0,0,0.005648,0,1204,0,1205
0,2.2409,397,0,1,56.72,2,8192,0,0,194,1,0,0,0.005648,0,1205,0,1206
0,2.13925,379,0,2,67.88,2,8192,0,0,159,2,0,0,0.005648,0,1207,0,1208
0,1.64264,291,0,1,90.693,2,8192,0,0,129,1,0,0,0.005648,0,1208,0,1209
0,2.31896,411,0,0,64.262,2,8192,0,0,213,0,0,0,0.005648,0,1208,0,1209
0,2.3943,424,0,3,82.999,2,8192,0,0,191,3,0,0,0.005648,0,1211,0,1212
0,2.21595,393,0,3,120.255,2,8192,0,0,153,3,0,0,0.005648,0,1214,0,1215


