MSS,1500
SendRate(Mb/s),ReceiveRate(Mb/s),RecvPackets,Send Loss,Recv Loss,RTT(ms),CWnd,FlowWindow,Retrans,PktSndPeriod(us),SendACK,SendNAK,RecvACK,RecvNAK,EstimatedBandwidth(Mb/s),Retrans_Total, NAK_TotalSent,Total Send Loss,Total Recv Loss
0,8.26016,751,0,5,73.735,16,8192,0,1,50,5,0,0,0.011648,0,5,0,5
0,7.63767,656,0,0,37.806,16,8192,0,1,67,0,0,0,0.011648,0,5,0,5
0,6.33088,544,0,2,40.172,16,8192,0,1,57,2,0,0,0.011648,0,7,0,7
0,6.93597,596,0,0,42.06,16,8192,0,1,63,0,0,0,0.011648,0,7,0,7
0,7.31056,628,0,1,54.152,16,8192,0,1,64,1,0,0,0.011648,0,8,0,8
0,7.50461,645,0,1,57.616,16,8192,0,1,58,1,0,0,0.011648,0,9,0,9
0,7.17333,616,0,1,37.146,16,8192,0,1,60,1,0,0,0.011648,0,10,0,10
0,6.51001,559,0,1,27.084,16,8192,0,1,63,1,0,0,0.011648,0,11,0,11
0,7.07645,608,0,0,35.769,16,8192,0,1,68,0,0,0,0.011648,0,11,0,11
0,7.54568,648,0,0,40.559,16,8192,0,1,65,0,0,0,0.011648,0,11,0,11
0,7.69658,661,0,1,38.004,16,8192,0,1,62,1,0,0,0.011648,0,12,0,12
0,7.18077,617,0,1,48.837,16,8192,0,1,63,1,0,0,0.011648,0,13,0,13
0,7.51119,645,0,0,37.714,16,8192,0,1,65,0,0,0,0.011648,0,13,0,13
0,6.36995,547,0,3,29.895,16,8192,0,1,55,3,0,0,0.011648,0,16,0,16
0,5.94967,511,0,0,35.21,16,8192,0,1,59,0,0,0,0.011648,0,16,0,16
0,6.46032,555,0,0,30.72,16,8192,0,1,62,0,0,0,0.011648,0,16,0,16
0,6.95909,598,0,0,54.432,16,8192,0,1,68,0,0,0,0.011648,0,16,0,16
0,7.37139,633,0,0,46.063,16,8192,0,1,70,0,0,0,0.011648,0,16,0,16
0,7.37116,633,0,1,40.235,16,8192,0,1,61,1,0,0,0.011648,0,17,0,17
0,7.48728,643,0,0,53.065,16,8192,0,1,67,0,0,0,0.011648,0,17,0,17
0,7.12081,613,0,2,37.754,16,8192,0,1,60,2,0,0,0.011648,0,19,0,19
0,6.97569,599,0,0,42.425,16,8192,0,1,64,0,0,0,0.011648,0,19,0,19
0,7.66853,659,0,1,40.352,16,8192,0,1,65,1,0,0,0.011648,0,20,0,20
0,7.02108,603,0,2,46.403,16,8192,0,1,59,2,0,0,0.011648,0,22,0,22
0,5.31988,457,0,5,27.354,16,8192,0,1,52,5,0,0,0.011648,0,27,0,27
0,5.14791,443,0,0,33.343,16,8192,0,1,57,0,0,0,0.011648,0,27,0,27
0,5.69371,489,0,0,38.658,16,8192,0,1,57,0,0,0,0.011648,0,27,0,27
0,7.45143,640,0,2,87.146,16,8192,0,1,62,2,0,0,0.011648,0,29,0,29
0,6.7303,578,0,2,28.536,16,8192,0,1,61,2,0,0,0.011648,0,31,0,31
0,7.09496,610,0,0,28.401,16,8192,0,1,70,0,0,0,0.011648,0,31,0,31
0,7.69721,661,0,0,41.867,16,8192,0,1,68,0,0,0,0.011648,0,31,0,31
0,6.83529,587,0,2,30.725,16,8192,0,1,66,2,0,0,0.011648,0,33,0,33
0,6.98586,600,0,0,36.087,16,8192,0,1,62,0,0,0,0.011648,0,33,0,33
0,6.90493,593,0,1,36.354,16,8192,0,1,59,1,0,0,0.011648,0,34,0,34
0,7.37195,633,0,1,31.927,16,8192,0,1,63,1,0,0,0.011648,0,35,0,35
0,6.84527,588,0,1,33.033,16,8192,0,1,62,1,0,0,0.011648,0,36,0,36
0,6.7409,579,0,0,33.779,16,8192,0,1,64,0,0,0,0.011648,0,36,0,36
0,7.5378,648,0,1,34.976,16,8192,0,1,66,1,0,0,0.011648,0,37,0,37
0,6.5736,565,0,2,30.913,16,8192,0,1,60,2,0,0,0.011648,0,39,0,39
0,6.94956,599,0,0,33.147,16,8192,0,1,62,0,0,0,0.011648,0,39,0,39
0,7.42502,638,0,2,45.391,16,8192,0,1,58,2,0,0,0.011648,0,41,0,41
0,6.83487,587,0,3,34.587,16,8192,0,1,61,3,0,0,0.011648,0,44,0,44
0,6.42549,552,0,0,38.055,16,8192,0,1,64,0,0,0,0.011648,0,44,0,44
0,6.71588,577,0,1,42.134,16,8192,0,1,62,1,0,0,0.011648,0,45,0,45
0,6.81852,586,0,0,38.446,16,8192,0,1,64,0,0,0,0.011648,0,45,0,45
0,7.15386,616,0,0,36.544,16,8192,0,1,68,0,0,0,0.011648,0,45,0,45
0,7.58104,651,0,0,41.66,16,8192,0,1,72,0,0,0,0.011648,0,45,0,45
0,7.28545,626,0,2,25.432,16,8192,0,1,63,2,0,0,0.011648,0,47,0,47
0,4.68443,403,0,9,191.389,16,8192,0,1,39,8,0,0,0.011648,0,55,0,56
0,2.55042,219,0,0,37.968,16,8192,0,1,33,0,0,0,0.011648,0,55,0,56
0,5.04991,434,0,0,27.018,16,8192,0,1,65,0,0,0,0.011648,0,55,0,56
0,7.49713,644,0,7,83.08,16,8192,0,1,44,7,0,0,0.011648,0,62,0,63
0,3.68762,324,0,3,29.907,16,8192,0,1,39,3,0,0,0.011648,0,65,0,66
0,5.73742,493,0,0,46.819,16,8192,0,1,63,0,0,0,0.011648,0,65,0,66
0,6.90611,593,0,2,33.345,16,8192,0,1,66,2,0,0,0.011648,0,67,0,68
0,6.94982,597,0,0,26.533,16,8192,0,1,67,0,0,0,0.011648,0,67,0,68
0,6.70682,576,0,2,45.29,16,8192,0,1,60,2,0,0,0.011648,0,69,0,70
0,7.15451,615,0,1,38.174,16,8192,0,1,61,1,0,0,0.011648,0,70,0,71
0,6.91747,594,0,1,70.5,16,8192,0,1,64,1,0,0,0.011648,0,71,0,72
0,6.34642,545,0,1,37.638,16,8192,0,1,59,1,0,0,0.011648,0,72,0,73
0,6.68295,574,0,0,41.13,16,8192,0,1,64,0,0,0,0.011648,0,72,0,73
0,6.94509,598,0,1,37.819,16,8192,0,1,61,1,0,0,0.011648,0,73,0,74
0,7.19528,618,0,0,43.286,16,8192,0,1,64,0,0,0,0.011648,0,73,0,74
0,7.7668,667,0,5,52.091,16,8192,0,1,56,5,0,0,0.011648,0,78,0,79
0,7.38339,634,0,0,40.68,16,8192,0,1,71,0,0,0,0.011648,0,78,0,79
0,6.85823,589,0,4,46.651,16,8192,0,1,51,4,0,0,0.011648,0,82,0,83
0,6.02941,518,0,0,39.404,16,8192,0,1,68,0,0,0,0.011648,0,82,0,83
0,6.51692,560,0,0,35.646,16,8192,0,1,64,0,0,0,0.011648,0,82,0,83
0,6.16023,529,0,2,51.411,16,8192,0,1,60,2,0,0,0.011648,0,84,0,85
0,5.95806,512,0,0,42.944,16,8192,0,1,65,0,0,0,0.011648,0,84,0,85
0,7.03793,605,0,2,38.98,16,8192,0,1,61,2,0,0,0.011648,0,86,0,87
0,7.44077,639,0,0,42.602,16,8192,0,1,67,0,0,0,0.011648,0,86,0,87
0,6.89381,592,0,2,35.167,16,8192,0,1,58,2,0,0,0.011648,0,88,0,89
0,6.81271,585,0,0,46.119,16,8192,0,1,68,0,0,0,0.011648,0,88,0,89
0,7.38516,638,0,2,42.554,16,8192,0,1,59,2,0,0,0.011648,0,90,0,91
0,7.20745,619,0,2,57.029,16,8192,0,1,66,2,0,0,0.011648,0,92,0,93
0,6.11763,526,0,1,49.225,16,8192,0,1,53,1,0,0,0.011648,0,93,0,94
0,6.73107,578,0,0,39.528,16,8192,0,1,68,0,0,0,0.011648,0,93,0,94
0,7.24036,622,0,2,39.884,16,8192,0,1,64,2,0,0,0.011648,0,95,0,96
0,6.49773,558,0,2,36.385,16,8192,0,1,69,2,0,0,0.011648,0,97,0,98
0,6.76068,581,0,0,33.086,16,8192,0,1,65,0,0,0,0.011648,0,97,0,98
0,6.53328,561,0,1,53.703,16,8192,0,1,59,1,0,0,0.011648,0,98,0,99
0,6.25263,537,0,1,38.307,16,8192,0,1,65,1,0,0,0.011648,0,99,0,100
0,6.62529,569,0,0,39.29,16,8192,0,1,66,0,0,0,0.011648,0,99,0,100
0,7.1736,616,0,0,43.456,16,8192,0,1,72,0,0,0,0.011648,0,99,0,100
0,6.52486,561,0,2,50.814,16,8192,0,1,61,2,0,0,0.011648,0,101,0,102
0,6.99323,601,0,0,52.328,16,8192,0,1,64,0,0,0,0.011648,0,101,0,102
0,8.20926,705,0,1,62.536,16,8192,0,1,70,1,0,0,0.011648,0,102,0,103
0,7.47954,643,0,8,40.945,16,8192,0,1,44,8,0,0,0.011648,0,110,0,111
0,6.22739,535,0,0,38.491,16,8192,0,1,67,0,0,0,0.011648,0,110,0,111
0,6.62231,569,0,0,42.84,16,8192,0,1,63,0,0,0,0.011648,0,110,0,111
0,7.05563,606,0,1,58.704,16,8192,0,1,66,1,0,0,0.011648,0,111,0,112
0,7.2996,627,0,2,29.291,16,8192,0,1,66,2,0,0,0.011648,0,113,0,114
0,6.51871,560,0,0,38.636,16,8192,0,1,67,0,0,0,0.011648,0,113,0,114
0,7.23866,622,0,0,44.343,16,8192,0,1,72,0,0,0,0.011648,0,113,0,114
0,7.15015,614,0,1,69.037,16,8192,0,1,61,1,0,0,0.011648,0,114,0,115
0,6.9169,594,0,2,35.703,16,8192,0,1,55,2,0,0,0.011648,0,116,0,117
0,6.86916,590,0,1,68.048,16,8192,0,1,63,1,0,0,0.011648,0,117,0,118
0,6.3712,548,0,0,35.548,16,8192,0,1,60,0,0,0,0.011648,0,117,0,118
0,6.58618,566,0,0,68.637,16,8192,0,1,64,0,0,0,0.011648,0,117,0,118
0,6.30807,542,0,3,36.713,16,8192,0,1,59,3,0,0,0.011648,0,120,0,121
0,5.90222,507,0,0,35.012,16,8192,0,1,64,0,0,0,0.011648,0,120,0,121
0,6.28908,540,0,4,60.653,16,8192,0,1,53,4,0,0,0.011648,0,124,0,125
0,5.98536,514,0,0,33.992,16,8192,0,1,63,0,0,0,0.011648,0,124,0,125
0,6.46211,555,0,0,36.687,16,8192,0,1,65,0,0,0,0.011648,0,124,0,125
0,7.26269,624,0,1,47.246,16,8192,0,1,60,1,0,0,0.011648,0,125,0,126
0,7.94522,683,0,0,49.141,16,8192,0,1,73,0,0,0,0.011648,0,125,0,126
0,8.41901,723,0,0,44.208,16,8192,0,1,66,0,0,0,0.011648,0,125,0,126
0,7.42844,638,0,3,37.346,16,8192,0,1,52,3,0,0,0.011648,0,128,0,129
0,6.66893,573,0,0,57.14,16,8192,0,1,64,0,0,0,0.011648,0,128,0,129
0,7.73868,665,0,3,78.551,16,8192,0,1,63,3,0,0,0.011648,0,131,0,132
0,4.20375,361,0,0,28.768,16,8192,0,1,28,0,0,0,0.011648,0,131,0,132
0,7.27854,625,0,0,56.132,16,8192,0,1,65,0,0,0,0.011648,0,131,0,132
0,7.46086,641,0,0,53.525,16,8192,0,1,65,0,0,0,0.011648,0,131,0,132
0,7.13912,613,0,2,38.172,16,8192,0,1,61,2,0,0,0.011648,0,133,0,134
0,7.26292,624,0,0,40.871,16,8192,0,1,72,0,0,0,0.011648,0,133,0,134
0,7.41867,637,0,0,63.671,16,8192,0,1,66,0,0,0,0.011648,0,133,0,134
0,8.03447,690,0,1,54.857,16,8192,0,1,59,1,0,0,0.011648,0,134,0,135
0,7.82357,672,0,0,39.884,16,8192,0,1,68,0,0,0,0.011648,0,134,0,135
0,7.82532,672,0,1,63.167,16,8192,0,1,66,1,0,0,0.011648,0,135,0,136
0,7.90041,679,0,0,54.682,16,8192,0,1,70,0,0,0,0.011648,0,135,0,136
0,5.83326,501,0,2,72.959,16,8192,0,1,41,2,0,0,0.011648,0,137,0,138
0,6.09946,524,0,1,65.437,16,8192,0,1,58,1,0,0,0.011648,0,138,0,139
0,6.56711,564,0,1,40.962,16,8192,0,1,60,1,0,0,0.011648,0,139,0,140
0,7.34785,631,0,0,45.399,16,8192,0,1,73,0,0,0,0.011648,0,139,0,140
0,6.84289,589,0,4,49.238,16,8192,0,1,55,4,0,0,0.011648,0,143,0,144
0,6.50935,559,0,0,36.798,16,8192,0,1,65,0,0,0,0.011648,0,143,0,144
0,7.72163,665,0,1,53.388,16,8192,0,1,60,1,0,0,0.011648,0,144,0,145
0,7.69323,661,0,0,50.972,16,8192,0,1,65,0,0,0,0.011648,0,144,0,145
0,6.99845,601,0,3,30.993,16,8192,0,1,56,3,0,0,0.011648,0,147,0,148
0,6.71482,577,0,1,46.239,16,8192,0,1,64,1,0,0,0.011648,0,148,0,149
0,6.53203,561,0,1,37.232,16,8192,0,1,63,1,0,0,0.011648,0,149,0,150
0,7.03809,605,0,0,36.147,16,8192,0,1,66,0,0,0,0.011648,0,149,0,150
0,7.13405,613,0,0,47.652,16,8192,0,1,67,0,0,0,0.011648,0,149,0,150
0,7.25409,623,0,2,65.32,16,8192,0,1,56,2,0,0,0.011648,0,151,0,152
0,6.47398,556,0,0,49.18,16,8192,0,1,60,0,0,0,0.011648,0,151,0,152
0,7.02838,604,0,1,30.151,16,8192,0,1,63,1,0,0,0.011648,0,152,0,153
0,7.01746,603,0,0,42.707,16,8192,0,1,62,0,0,0,0.011648,0,152,0,153
0,7.08976,609,0,3,59.211,16,8192,0,1,58,3,0,0,0.011648,0,155,0,156
0,6.91659,594,0,4,46.116,16,8192,0,1,56,4,0,0,0.011648,0,159,0,160
0,5.59978,481,0,0,40.242,16,8192,0,1,61,0,0,0,0.011648,0,159,0,160
0,6.62534,569,0,0,50.744,16,8192,0,1,60,0,0,0,0.011648,0,159,0,160
0,6.27102,539,0,4,32.15,16,8192,0,1,53,4,0,0,0.011648,0,163,0,164
0,6.14037,528,0,0,29.101,16,8192,0,1,63,0,0,0,0.011648,0,163,0,164
0,6.78906,583,0,0,43.684,16,8192,0,1,65,0,0,0,0.011648,0,163,0,164
0,7.83054,673,0,0,40.873,16,8192,0,1,68,0,0,0,0.011648,0,163,0,164
0,6.00941,517,0,3,41.379,16,8192,0,1,54,3,0,0,0.011648,0,166,0,167
0,6.49816,558,0,0,41.578,16,8192,0,1,66,0,0,0,0.011648,0,166,0,167
0,6.68232,574,0,0,60.057,16,8192,0,1,64,0,0,0,0.011648,0,166,0,167
0,6.87817,591,0,1,50.839,16,8192,0,1,66,1,0,0,0.011648,0,167,0,168
0,6.38648,549,0,1,38.198,16,8192,0,1,56,1,0,0,0.011648,0,168,0,169
0,6.78847,583,0,0,31.16,16,8192,0,1,71,0,0,0,0.011648,0,168,0,169
0,7.00989,602,0,1,71.616,16,8192,0,1,66,1,0,0,0.011648,0,169,0,170
0,6.41575,551,0,2,36.476,16,8192,0,1,56,2,0,0,0.011648,0,171,0,172
0,6.71397,577,0,0,56.671,16,8192,0,1,69,0,0,0,0.011648,0,171,0,172
0,6.97213,599,0,4,59.738,16,8192,0,1,52,4,0,0,0.011648,0,175,0,176
0,6.01951,517,0,0,45.398,16,8192,0,1,63,0,0,0,0.011648,0,175,0,176
0,6.68482,574,0,0,32.391,16,8192,0,1,62,0,0,0,0.011648,0,175,0,176
0,7.69847,661,0,3,78.398,16,8192,0,1,56,3,0,0,0.011648,0,178,0,179
0,6.39725,550,0,2,34.455,16,8192,0,1,61,2,0,0,0.011648,0,180,0,181
0,6.3886,549,0,0,35.533,16,8192,0,1,64,0,0,0,0.011648,0,180,0,181
0,6.82348,586,0,2,73.834,16,8192,0,1,61,2,0,0,0.011648,0,182,0,183
0,6.19447,532,0,0,40.474,16,8192,0,1,66,0,0,0,0.011648,0,182,0,183
0,6.94973,597,0,0,36.637,16,8192,0,1,67,0,0,0,0.011648,0,182,0,183
0,7.97308,685,0,2,79.113,16,8192,0,1,62,2,0,0,0.011648,0,184,0,185
0,6.41409,552,0,2,68.154,16,8192,0,1,54,2,0,0,0.011648,0,186,0,187
0,5.40259,464,0,3,38.372,16,8192,0,1,55,3,0,0,0.011648,0,189,0,190
0,5.08602,437,0,0,36.004,16,8192,0,1,62,0,0,0,0.011648,0,189,0,190
0,5.54048,476,0,0,48.019,16,8192,0,1,64,0,0,0,0.011648,0,189,0,190
0,6.06739,521,0,0,31.833,16,8192,0,1,63,0,0,0,0.011648,0,189,0,190
0,6.00837,516,0,0,41.439,16,8192,0,1,66,0,0,0,0.011648,0,189,0,190
0,7.22025,621,0,0,34.068,16,8192,0,1,67,0,0,0,0.011648,0,189,0,190
0,6.96016,598,0,1,82.652,16,8192,0,1,60,1,0,0,0.011648,0,190,0,191
0,6.62578,569,0,2,29.172,16,8192,0,1,62,2,0,0,0.011648,0,192,0,193
0,6.96322,598,0,0,35.771,16,8192,0,1,68,0,0,0,0.011648,0,192,0,193
0,7.23656,623,0,0,46.846,16,8192,0,1,68,0,0,0,0.011648,0,192,0,193
0,7.54309,648,0,3,46.102,16,8192,0,1,51,3,0,0,0.011648,0,195,0,196
0,7.0598,607,0,0,55.343,16,8192,0,1,69,0,0,0,0.011648,0,195,0,196
0,6.26307,538,0,3,37.024,16,8192,0,1,55,3,0,0,0.011648,0,198,0,199
0,5.40299,464,0,0,54.095,16,8192,0,1,61,0,0,0,0.011648,0,198,0,199
0,6.32159,543,0,1,40.136,16,8192,0,1,64,1,0,0,0.011648,0,199,0,200
0,6.62934,570,0,0,63.906,16,8192,0,1,68,0,0,0,0.011648,0,199,0,200
0,7.33673,630,0,1,44.446,16,8192,0,1,64,1,0,0,0.011648,0,200,0,201
0,6.56597,564,0,2,42.733,16,8192,0,1,59,2,0,0,0.011648,0,202,0,203
0,6.65831,572,0,0,51.25,16,8192,0,1,69,0,0,0,0.011648,0,202,0,203
0,6.93827,596,0,1,34.049,16,8192,0,1,61,1,0,0,0.011648,0,203,0,204
0,7.03291,604,0,0,38.374,16,8192,0,1,71,0,0,0,0.011648,0,203,0,204
0,7.51773,646,0,0,60.677,16,8192,0,1,71,0,0,0,0.011648,0,203,0,204
0,8.25448,709,0,1,77.351,16,8192,0,1,62,1,0,0,0.011648,0,204,0,205
0,7.77295,668,0,5,32.5,16,8192,0,1,54,5,0,0,0.011648,0,209,0,210
0,6.06407,521,0,2,33.669,16,8192,0,1,56,2,0,0,0.011648,0,211,0,212
0,6.05458,520,0,0,42.954,16,8192,0,1,68,0,0,0,0.011648,0,211,0,212
0,6.31082,542,0,0,38.928,16,8192,0,1,70,0,0,0,0.011648,0,211,0,212
0,7.56871,650,0,0,42.946,16,8192,0,1,69,0,0,0,0.011648,0,211,0,212
0,7.60522,653,0,2,43.42,16,8192,0,1,62,2,0,0,0.011648,0,213,0,214
0,7.73188,664,0,0,35.166,16,8192,0,1,70,0,0,0,0.011648,0,213,0,214
0,7.62717,655,0,4,71.977,16,8192,0,1,52,4,0,0,0.011648,0,217,0,218
0,7.0931,611,0,2,36.309,16,8192,0,1,55,2,0,0,0.011648,0,219,0,220
0,6.84183,588,0,0,44.191,16,8192,0,1,66,0,0,0,0.011648,0,219,0,220
0,7.40548,636,0,2,99.783,16,8192,0,1,66,2,0,0,0.011648,0,221,0,222
0,6.02031,517,0,1,35.232,16,8192,0,1,60,1,0,0,0.011648,0,222,0,223
0,6.54519,562,0,0,38.406,16,8192,0,1,68,0,0,0,0.011648,0,222,0,223
0,7.50737,645,0,0,41.198,16,8192,0,1,66,0,0,0,0.011648,0,222,0,223
0,7.63201,656,0,0,41.011,16,8192,0,1,64,0,0,0,0.011648,0,222,0,223
0,7.20564,619,0,2,34.647,16,8192,0,1,58,2,0,0,0.011648,0,224,0,225
0,6.6372,570,0,0,49.277,16,8192,0,1,63,0,0,0,0.011648,0,224,0,225
0,7.18245,617,0,0,43.502,16,8192,0,1,60,0,0,0,0.011648,0,224,0,225
0,8.0114,688,0,0,68.639,16,8192,0,1,65,0,0,0,0.011648,0,224,0,225
0,7.25989,624,0,3,33.205,16,8192,0,1,57,3,0,0,0.011648,0,227,0,228
0,6.38675,549,0,1,37.278,16,8192,0,1,56,1,0,0,0.011648,0,228,0,229
0,6.39283,549,0,0,32.961,16,8192,0,1,66,0,0,0,0.011648,0,228,0,229
0,7.62508,655,0,0,45.069,16,8192,0,1,66,0,0,0,0.011648,0,228,0,229
0,7.54569,648,0,1,51.999,16,8192,0,1,62,1,0,0,0.011648,0,229,0,230
0,7.06597,607,0,3,31.256,16,8192,0,1,59,3,0,0,0.011648,0,232,0,233
0,5.88135,505,0,0,32.691,16,8192,0,1,62,0,0,0,0.011648,0,232,0,233
0,6.53299,561,0,0,38.425,16,8192,0,1,66,0,0,0,0.011648,0,232,0,233
0,6.23836,536,0,2,53.209,16,8192,0,1,63,2,0,0,0.011648,0,234,0,235
0,6.05548,520,0,0,34.917,16,8192,0,1,64,0,0,0,0.011648,0,234,0,235
0,6.84312,588,0,1,51.191,16,8192,0,1,64,1,0,0,0.011648,0,235,0,236
0,5.7992,498,0,2,44.77,16,8192,0,1,50,2,0,0,0.011648,0,237,0,238
0,5.8291,501,0,1,40.548,16,8192,0,1,58,1,0,0,0.011648,0,238,0,239
0,5.7282,492,0,1,33.027,16,8192,0,1,60,1,0,0,0.011648,0,239,0,240
0,6.07835,522,0,0,29.138,16,8192,0,1,59,0,0,0,0.011648,0,239,0,240
0,6.29943,541,0,0,41.364,16,8192,0,1,68,0,0,0,0.011648,0,239,0,240
0,7.06746,607,0,3,57.792,16,8192,0,1,54,3,0,0,0.011648,0,242,0,243
0,7.87947,677,0,1,45.949,16,8192,0,1,71,1,0,0,0.011648,0,243,0,244
0,7.34486,631,0,0,42.31,16,8192,0,1,65,0,0,0,0.011648,0,243,0,244
0,8.10439,696,0,0,50.721,16,8192,0,1,75,0,0,0,0.011648,0,243,0,244
0,7.13501,613,0,3,56.692,16,8192,0,1,61,3,0,0,0.011648,0,246,0,247
0,7.2439,622,0,0,37.631,16,8192,0,1,69,0,0,0,0.011648,0,246,0,247
0,7.37188,633,0,2,52.942,16,8192,0,1,60,2,0,0,0.011648,0,248,0,249
0,6.31188,542,0,0,35.804,16,8192,0,1,69,0,0,0,0.011648,0,248,0,249
0,6.67113,573,0,0,46.148,16,8192,0,1,71,0,0,0,0.011648,0,248,0,249
0,6.9696,599,0,1,31.82,16,8192,0,1,68,1,0,0,0.011648,0,249,0,250
0,7.09778,610,0,0,33.646,16,8192,0,1,74,0,0,0,0.011648,0,249,0,250
0,7.25457,623,0,1,38.07,16,8192,0,1,65,1,0,0,0.011648,0,250,0,251
0,7.13602,613,0,0,47.744,16,8192,0,1,64,0,0,0,0.011648,0,250,0,251
0,7.20536,619,0,1,59.923,16,8192,0,1,65,1,0,0,0.011648,0,251,0,252
0,6.43299,553,0,2,32.067,16,8192,0,1,56,2,0,0,0.011648,0,253,0,254
0,7.06653,607,0,0,57.325,16,8192,0,1,65,0,0,0,0.011648,0,253,0,254
0,7.1012,610,0,1,34.26,16,8192,0,1,62,1,0,0,0.011648,0,254,0,255
0,7.17269,616,0,0,41.579,16,8192,0,1,63,0,0,0,0.011648,0,254,0,255
0,7.42937,638,0,3,58.865,16,8192,0,1,60,3,0,0,0.011648,0,257,0,258
0,5.44926,468,0,6,46.389,16,8192,0,1,38,6,0,0,0.011648,0,263,0,264
0,4.41313,379,0,0,37.366,16,8192,0,1,62,0,0,0,0.011648,0,263,0,264
0,4.86299,418,0,0,26.482,16,8192,0,1,60,0,0,0,0.011648,0,263,0,264
0,5.51944,474,0,0,33.416,16,8192,0,1,64,0,0,0,0.011648,0,263,0,264
0,7.03439,604,0,0,41.898,16,8192,0,1,68,0,0,0,0.011648,0,263,0,264
0,7.01926,603,0,3,58.565,16,8192,0,1,56,3,0,0,0.011648,0,266,0,267
0,6.63428,570,0,0,39.586,16,8192,0,1,64,0,0,0,0.011648,0,266,0,267
0,7.2181,620,0,0,49.078,16,8192,0,1,65,0,0,0,0.011648,0,266,0,267
0,6.33278,545,0,3,67.002,16,8192,0,1,47,3,0,0,0.011648,0,269,0,270
0,4.30896,370,0,0,42.123,16,8192,0,1,50,0,0,0,0.011648,0,269,0,270
0,6.08997,523,0,0,36.691,16,8192,0,1,66,0,0,0,0.011648,0,269,0,270
0,5.50689,473,0,1,70.658,16,8192,0,1,38,1,0,0,0.011648,0,270,0,271
0,8.06894,693,0,3,42.049,16,8192,0,1,61,3,0,0,0.011648,0,273,0,274
0,6.38621,549,0,1,71.181,16,8192,0,1,58,1,0,0,0.011648,0,274,0,275
0,5.84576,502,0,2,39.918,16,8192,0,1,58,2,0,0,0.011648,0,276,0,277
0,6.05535,520,0,0,30.212,16,8192,0,1,63,0,0,0,0.011648,0,276,0,277
0,7.24878,623,0,2,61.227,16,8192,0,1,55,2,0,0,0.011648,0,278,0,279
0,7.31679,629,0,2,44.236,16,8192,0,1,59,2,0,0,0.011648,0,280,0,281
0,7.04312,605,0,0,53.889,16,8192,0,1,63,0,0,0,0.011648,0,280,0,281
0,6.73003,578,0,1,81.668,16,8192,0,1,54,1,0,0,0.011648,0,281,0,282
0,5.54147,476,0,6,42.667,16,8192,0,1,33,6,0,0,0.011648,0,287,0,288
0,4.78572,411,0,0,27.676,16,8192,0,1,56,0,0,0,0.011648,0,287,0,288
0,6.09869,524,0,0,37.362,16,8192,0,1,64,0,0,0,0.011648,0,287,0,288
0,7.21951,620,0,0,61.968,16,8192,0,1,65,0,0,0,0.011648,0,287,0,288
0,6.49608,558,0,2,31.015,16,8192,0,1,60,2,0,0,0.011648,0,289,0,290
0,6.56783,564,0,0,31.212,16,8192,0,1,59,0,0,0,0.011648,0,289,0,290
0,6.91116,594,0,0,57.493,16,8192,0,1,61,0,0,0,0.011648,0,289,0,290
0,6.75848,581,0,2,38.084,16,8192,0,1,49,2,0,0,0.011648,0,291,0,292
0,6.33421,544,0,0,35.874,16,8192,0,1,61,0,0,0,0.011648,0,291,0,292
0,6.96964,599,0,3,67.1,16,8192,0,1,57,3,0,0,0.011648,0,294,0,295
0,5.61078,482,0,2,35.69,16,8192,0,1,57,2,0,0,0.011648,0,296,0,297
0,5.53732,476,0,0,28.2,16,8192,0,1,63,0,0,0,0.011648,0,296,0,297
0,6.09705,524,0,0,36.463,16,8192,0,1,67,0,0,0,0.011648,0,296,0,297
0,6.01595,517,0,1,34.895,16,8192,0,1,58,1,0,0,0.011648,0,297,0,298
0,6.23659,536,0,0,43.578,16,8192,0,1,66,0,0,0,0.011648,0,297,0,298
0,6.53544,562,0,2,42.964,16,8192,0,1,59,2,0,0,0.011648,0,299,0,300
0,5.43424,467,0,0,89.416,16,8192,0,1,57,0,0,0,0.011648,0,299,0,300
0,6.43995,553,0,0,43.149,16,8192,0,1,68,0,0,0,0.011648,0,299,0,300
0,6.99875,601,0,0,39.288,16,8192,0,1,61,0,0,0,0.011648,0,299,0,300
0,7.0684,607,0,2,42.036,16,8192,0,1,60,2,0,0,0.011648,0,301,0,302
0,6.63664,570,0,2,73.349,16,8192,0,1,52,2,0,0,0.011648,0,303,0,304
0,5.67125,487,0,2,33.589,16,8192,0,1,58,2,0,0,0.011648,0,305,0,306
0,5.8432,502,0,0,52.103,16,8192,0,1,60,0,0,0,0.011648,0,305,0,306
0,8.47751,728,0,0,39.264,16,8192,0,1,68,0,0,0,0.011648,0,305,0,306
0,8.13516,699,0,2,71.689,16,8192,0,1,59,2,0,0,0.011648,0,307,0,308
0,7.47497,642,0,0,46.422,16,8192,0,1,68,0,0,0,0.011648,0,307,0,308
0,7.72445,664,0,0,47.336,16,8192,0,1,66,0,0,0,0.011648,0,307,0,308
0,6.47402,556,0,4,38.637,16,8192,0,1,49,4,0,0,0.011648,0,311,0,312
0,5.72717,492,0,0,41.455,16,8192,0,1,61,0,0,0,0.011648,0,311,0,312
0,6.53828,562,0,0,35.761,16,8192,0,1,62,0,0,0,0.011648,0,311,0,312
0,6.77564,582,0,1,39.995,16,8192,0,1,62,1,0,0,0.011648,0,312,0,313
0,6.82224,586,0,0,53.271,16,8192,0,1,63,0,0,0,0.011648,0,312,0,313
0,7.29902,627,0,0,49.437,16,8192,0,1,63,0,0,0,0.011648,0,312,0,313
0,7.69261,661,0,0,68.43,16,8192,0,1,67,0,0,0,0.011648,0,312,0,313
0,7.80169,670,0,1,42.22,16,8192,0,1,65,1,0,0,0.011648,0,313,0,314
0,7.66205,658,0,1,51.878,16,8192,0,1,62,1,0,0,0.011648,0,314,0,315
0,6.77675,582,0,2,48.752,16,8192,0,1,56,2,0,0,0.011648,0,316,0,317
0,6.29779,541,0,0,42.875,16,8192,0,1,63,0,0,0,0.011648,0,316,0,317
0,6.79921,584,0,0,59.91,16,8192,0,1,62,0,0,0,0.011648,0,316,0,317
0,7.34127,631,0,0,45.046,16,8192,0,1,68,0,0,0,0.011648,0,316,0,317
0,7.38804,635,0,5,49.698,16,8192,0,1,52,5,0,0,0.011648,0,321,0,322
0,7.18058,617,0,0,53.865,16,8192,0,1,64,0,0,0,0.011648,0,321,0,322
0,7.77772,668,0,0,45.711,16,8192,0,1,68,0,0,0,0.011648,0,321,0,322
0,7.33533,630,0,1,40.36,16,8192,0,1,61,1,0,0,0.011648,0,322,0,323
0,6.54671,563,0,3,32.928,16,8192,0,1,52,3,0,0,0.011648,0,325,0,326
0,6.70652,576,0,0,38.073,16,8192,0,1,64,0,0,0,0.011648,0,325,0,326
0,6.74142,579,0,2,44.666,16,8192,0,1,57,2,0,0,0.011648,0,327,0,328
0,6.95994,598,0,0,49.003,16,8192,0,1,61,0,0,0,0.011648,0,327,0,328
0,7.67664,661,0,3,62.678,16,8192,0,1,58,3,0,0,0.011648,0,330,0,331
0,6.72703,578,0,0,38.332,16,8192,0,1,64,0,0,0,0.011648,0,330,0,331
0,6.34683,545,0,1,48.678,16,8192,0,1,63,1,0,0,0.011648,0,331,0,332
0,7.07973,608,0,0,51.145,16,8192,0,1,63,0,0,0,0.011648,0,331,0,332
0,7.23112,621,0,0,36.966,16,8192,0,1,64,0,0,0,0.011648,0,331,0,332
0,7.49278,644,0,1,43.337,16,8192,0,1,57,1,0,0,0.011648,0,332,0,333
0,6.54177,562,0,2,43.594,16,8192,0,1,58,2,0,0,0.011648,0,334,0,335
0,6.99877,601,0,0,50.165,16,8192,0,1,65,0,0,0,0.011648,0,334,0,335
0,7.04034,605,0,2,45.92,16,8192,0,1,58,2,0,0,0.011648,0,336,0,337
0,7.05601,606,0,0,40.111,16,8192,0,1,63,0,0,0,0.011648,0,336,0,337
0,7.05656,606,0,2,71.223,16,8192,0,1,60,2,0,0,0.011648,0,338,0,339
0,6.509,559,0,0,38.071,16,8192,0,1,66,0,0,0,0.011648,0,338,0,339
0,7.26617,624,0,0,59.829,16,8192,0,1,66,0,0,0,0.011648,0,338,0,339
0,5.94917,511,0,3,52.838,16,8192,0,1,55,3,0,0,0.011648,0,341,0,342
0,6.32232,543,0,0,37.687,16,8192,0,1,66,0,0,0,0.011648,0,341,0,342
0,6.53985,562,0,0,50.595,16,8192,0,1,67,0,0,0,0.011648,0,341,0,342
0,6.34634,545,0,3,40.477,16,8192,0,1,54,3,0,0,0.011648,0,344,0,345
0,5.8572,503,0,0,59.026,16,8192,0,1,60,0,0,0,0.011648,0,344,0,345
0,6.81837,587,0,0,46.754,16,8192,0,1,65,0,0,0,0.011648,0,344,0,345
0,6.94001,596,0,2,40.54,16,8192,0,1,57,2,0,0,0.011648,0,346,0,347
0,7.27014,625,0,0,40.481,16,8192,0,1,63,0,0,0,0.011648,0,346,0,347
0,7.52203,646,0,0,46.521,16,8192,0,1,65,0,0,0,0.011648,0,346,0,347
0,6.85316,589,0,1,55.008,16,8192,0,1,64,1,0,0,0.011648,0,347,0,348
0,7.0902,609,0,2,50.221,16,8192,0,1,56,2,0,0,0.011648,0,349,0,350
0,6.59045,566,0,0,32.203,16,8192,0,1,61,0,0,0,0.011648,0,349,0,350
0,7.32019,629,0,0,52.884,16,8192,0,1,67,0,0,0,0.011648,0,349,0,350
0,5.95976,512,0,3,55.444,16,8192,0,1,36,3,0,0,0.011648,0,352,0,353
0,6.93751,596,0,2,60.24,16,8192,0,1,59,2,0,0,0.011648,0,354,0,355
0,6.27478,539,0,0,42.219,16,8192,0,1,56,0,0,0,0.011648,0,354,0,355
0,6.35549,546,0,0,58.273,16,8192,0,1,60,0,0,0,0.011648,0,354,0,355
0,6.62685,569,0,5,42.909,16,8192,0,1,54,5,0,0,0.011648,0,359,0,360
0,6.46125,555,0,0,35.41,16,8192,0,1,66,0,0,0,0.011648,0,359,0,360
0,6.14744,528,0,1,73.198,16,8192,0,1,62,1,0,0,0.011648,0,360,0,361
0,5.81085,499,0,1,42.318,16,8192,0,1,57,1,0,0,0.011648,0,361,0,362
0,6.08789,527,0,0,51.316,16,8192,0,1,61,0,0,0,0.011648,0,361,0,362
0,6.45005,554,0,1,27.569,16,8192,0,1,65,1,0,0,0.011648,0,362,0,363
0,6.5269,561,0,0,41.178,16,8192,0,1,63,0,0,0,0.011648,0,362,0,363
0,7.3733,635,0,2,55.546,16,8192,0,1,60,2,0,0,0.011648,0,364,0,365
0,7.24267,622,0,0,56.796,16,8192,0,1,63,0,0,0,0.011648,0,364,0,365
0,6.5559,563,0,2,38.949,16,8192,0,1,51,2,0,0,0.011648,0,366,0,367
0,6.68335,574,0,0,40.219,16,8192,0,1,62,0,0,0,0.011648,0,366,0,367
0,7.80097,670,0,1,38.72,16,8192,0,1,68,1,0,0,0.011648,0,367,0,368
0,7.56691,650,0,0,59.555,16,8192,0,1,61,0,0,0,0.011648,0,367,0,368
0,7.74312,665,0,1,55.931,16,8192,0,1,61,1,0,0,0.011648,0,368,0,369
0,7.37118,633,0,1,41.971,16,8192,0,1,61,1,0,0,0.011648,0,369,0,370
0,7.23398,622,0,1,62.307,16,8192,0,1,63,1,0,0,0.011648,0,370,0,371
0,7.30922,628,0,0,50.763,16,8192,0,1,65,0,0,0,0.011648,0,370,0,371
0,7.19577,618,0,1,38.06,16,8192,0,1,60,1,0,0,0.011648,0,371,0,372
0,6.43984,553,0,2,53.489,16,8192,0,1,59,2,0,0,0.011648,0,373,0,374
0,6.01793,518,0,0,54.786,16,8192,0,1,58,0,0,0,0.011648,0,373,0,374
0,6.91577,594,0,0,44.123,16,8192,0,1,67,0,0,0,0.011648,0,373,0,374
0,7.2301,623,0,0,32.306,16,8192,0,1,68,0,0,0,0.011648,0,373,0,374
0,7.7023,662,0,0,73.52,16,8192,0,1,68,0,0,0,0.011648,0,373,0,374
0,6.39323,549,0,4,31.812,16,8192,0,1,44,4,0,0,0.011648,0,377,0,378
0,6.3537,546,0,0,58.449,16,8192,0,1,61,0,0,0,0.011648,0,377,0,378
0,7.22942,621,0,2,44.158,16,8192,0,1,57,2,0,0,0.011648,0,379,0,380
0,6.81271,585,0,2,37.547,16,8192,0,1,61,2,0,0,0.011648,0,381,0,382
0,6.18341,531,0,0,41.793,16,8192,0,1,63,0,0,0,0.011648,0,381,0,382
0,6.61699,571,0,0,41.5,16,8192,0,1,61,0,0,0,0.011648,0,381,0,382
0,7.52219,646,0,1,46.925,16,8192,0,1,61,1,0,0,0.011648,0,382,0,383
0,7.17767,617,0,2,54.233,16,8192,0,1,59,2,0,0,0.011648,0,384,0,385
0,6.48101,557,0,0,44.709,16,8192,0,1,60,0,0,0,0.011648,0,384,0,385
0,6.51114,560,0,0,64.802,16,8192,0,1,60,0,0,0,0.011648,0,384,0,385
0,6.41512,551,0,2,28.565,16,8192,0,1,54,2,0,0,0.011648,0,386,0,387
0,6.21371,534,0,1,49.248,16,8192,0,1,58,1,0,0,0.011648,0,387,0,388
0,6.11363,525,0,0,35.803,16,8192,0,1,59,0,0,0,0.011648,0,387,0,388
0,6.44673,555,0,0,45.139,16,8192,0,1,62,0,0,0,0.011648,0,387,0,388
0,7.41078,637,0,2,31.975,16,8192,0,1,68,2,0,0,0.011648,0,389,0,390
0,7.49995,644,0,0,43.605,16,8192,0,1,70,0,0,0,0.011648,0,389,0,390
0,7.59191,652,0,3,68.326,16,8192,0,1,59,3,0,0,0.011648,0,392,0,393
0,6.01496,517,0,0,36.394,16,8192,0,1,61,0,0,0,0.011648,0,392,0,393
0,6.26518,538,0,0,44.22,16,8192,0,1,63,0,0,0,0.011648,0,392,0,393
0,6.83262,587,0,0,34.921,16,8192,0,1,65,0,0,0,0.011648,0,392,0,393
0,7.43495,639,0,2,75.8,16,8192,0,1,60,2,0,0,0.011648,0,394,0,395
0,6.98388,600,0,3,40.754,16,8192,0,1,53,3,0,0,0.011648,0,397,0,398
0,6.73118,578,0,0,38.329,16,8192,0,1,66,0,0,0,0.011648,0,397,0,398
0,7.06759,607,0,0,45.296,16,8192,0,1,62,0,0,0,0.011648,0,397,0,398
0,7.68091,660,0,0,48.521,16,8192,0,1,65,0,0,0,0.011648,0,397,0,398
0,7.53407,647,0,1,52.461,16,8192,0,1,59,1,0,0,0.011648,0,398,0,399
0,6.43884,553,0,5,54.568,16,8192,0,1,51,5,0,0,0.011648,0,403,0,404
0,4.57601,393,0,0,32.979,16,8192,0,1,61,0,0,0,0.011648,0,403,0,404
0,5.10933,439,0,0,33.756,16,8192,0,1,59,0,0,0,0.011648,0,403,0,404
0,5.5561,478,0,0,34.558,16,8192,0,1,63,0,0,0,0.011648,0,403,0,404
0,5.71465,491,0,0,43.154,16,8192,0,1,59,0,0,0,0.011648,0,403,0,404
0,6.46725,556,0,0,48.548,16,8192,0,1,64,0,0,0,0.011648,0,403,0,404
0,6.97137,599,0,5,56.953,16,8192,0,1,39,5,0,0,0.011648,0,408,0,409
0,4.79328,412,0,3,29.406,16,8192,0,1,52,3,0,0,0.011648,0,411,0,412
0,5.29874,455,0,0,22.859,16,8192,0,1,65,0,0,0,0.011648,0,411,0,412
0,5.78668,497,0,0,42.313,16,8192,0,1,57,0,0,0,0.011648,0,411,0,412
0,5.70468,490,0,0,63.151,16,8192,0,1,61,0,0,0,0.011648,0,411,0,412
0,6.82292,586,0,1,33.89,16,8192,0,1,66,1,0,0,0.011648,0,412,0,413
0,5.87686,505,0,1,54.908,16,8192,0,1,58,1,0,0,0.011648,0,413,0,414
0,6.21446,534,0,0,37.088,16,8192,0,1,64,0,0,0,0.011648,0,413,0,414
0,7.81407,671,0,1,58.362,16,8192,0,1,63,1,0,0,0.011648,0,414,0,415
0,8.51208,731,0,4,44.053,16,8192,0,1,59,4,0,0,0.011648,0,418,0,419
0,6.47513,556,0,1,47.752,16,8192,0,1,62,1,0,0,0.011648,0,419,0,420
0,6.46136,555,0,0,35.776,16,8192,0,1,67,0,0,0,0.011648,0,419,0,420
0,6.69543,575,0,0,46.982,16,8192,0,1,62,0,0,0,0.011648,0,419,0,420
0,7.58974,653,0,0,47.229,16,8192,0,1,65,0,0,0,0.011648,0,419,0,420
0,7.8937,678,0,4,78.482,16,8192,0,1,53,4,0,0,0.011648,0,423,0,424
0,4.13253,355,0,3,40.7,16,8192,0,1,34,3,0,0,0.011648,0,426,0,427
0,5.75236,494,0,0,33.049,16,8192,0,1,62,0,0,0,0.011648,0,426,0,427
0,6.01972,517,0,0,35.568,16,8192,0,1,62,0,0,0,0.011648,0,426,0,427
0,6.21721,534,0,1,46.481,16,8192,0,1,64,1,0,0,0.011648,0,427,0,428
0,6.45964,555,0,0,40.745,16,8192,0,1,65,0,0,0,0.011648,0,427,0,428
0,7.52267,646,0,3,61.223,16,8192,0,1,56,3,0,0,0.011648,0,430,0,431
0,6.64859,571,0,3,81.822,16,8192,0,1,54,3,0,0,0.011648,0,433,0,434
0,5.92378,509,0,0,33.443,16,8192,0,1,69,0,0,0,0.011648,0,433,0,434
0,6.46144,555,0,0,48.562,16,8192,0,1,64,0,0,0,0.011648,0,433,0,434
0,7.63613,656,0,1,64.792,16,8192,0,1,65,1,0,0,0.011648,0,434,0,435
0,6.91564,594,0,3,35.599,16,8192,0,1,64,3,0,0,0.011648,0,437,0,438
0,6.93518,596,0,0,43.694,16,8192,0,1,67,0,0,0,0.011648,0,437,0,438
0,7.59641,653,0,0,47.129,16,8192,0,1,70,0,0,0,0.011648,0,437,0,438
0,7.43943,639,0,2,60.87,16,8192,0,1,64,2,0,0,0.011648,0,439,0,440
0,7.03441,605,0,0,55.734,16,8192,0,1,68,0,0,0,0.011648,0,439,0,440
0,7.1381,613,0,1,78.778,16,8192,0,1,62,1,0,0,0.011648,0,440,0,441
0,6.68739,575,0,1,35.506,16,8192,0,1,62,1,0,0,0.011648,0,441,0,442
0,6.91549,594,0,0,38.895,16,8192,0,1,63,0,0,0,0.011648,0,441,0,442
0,7.97425,685,0,1,54.924,16,8192,0,1,68,1,0,0,0.011648,0,442,0,443
0,7.38312,634,0,3,37.13,16,8192,0,1,56,3,0,0,0.011648,0,445,0,446
0,6.73534,579,0,3,39.734,16,8192,0,1,61,3,0,0,0.011648,0,448,0,449
0,6.20603,533,0,0,36.437,16,8192,0,1,63,0,0,0,0.011648,0,448,0,449
0,6.83488,587,0,0,51.625,16,8192,0,1,64,0,0,0,0.011648,0,448,0,449
0,7.31277,628,0,0,41.569,16,8192,0,1,67,0,0,0,0.011648,0,448,0,449
0,7.02919,604,0,2,45.939,16,8192,0,1,56,2,0,0,0.011648,0,450,0,451
0,6.64374,571,0,0,37.743,16,8192,0,1,69,0,0,0,0.011648,0,450,0,451
0,6.80085,584,0,1,60.857,16,8192,0,1,58,1,0,0,0.011648,0,451,0,452
0,6.07648,522,0,0,46.274,16,8192,0,1,61,0,0,0,0.011648,0,451,0,452
0,7.38447,635,0,0,53.09,16,8192,0,1,71,0,0,0,0.011648,0,451,0,452
0,7.06461,607,0,2,59.638,16,8192,0,1,60,2,0,0,0.011648,0,453,0,454
0,7.33903,631,0,0,46.915,16,8192,0,1,67,0,0,0,0.011648,0,453,0,454
0,7.52189,646,0,4,54.656,16,8192,0,1,56,4,0,0,0.011648,0,457,0,458
0,6.53162,561,0,0,67.449,16,8192,0,1,69,0,0,0,0.011648,0,457,0,458
0,6.86924,590,0,0,37.993,16,8192,0,1,65,0,0,0,0.011648,0,457,0,458
0,7.07871,608,0,1,45.067,16,8192,0,1,60,1,0,0,0.011648,0,458,0,459
0,7.24242,622,0,0,53.056,16,8192,0,1,69,0,0,0,0.011648,0,458,0,459
0,7.24182,622,0,2,91.319,16,8192,0,1,65,2,0,0,0.011648,0,460,0,461
0,6.06232,521,0,1,45.208,16,8192,0,1,58,1,0,0,0.011648,0,461,0,462
0,6.13729,527,0,0,32.586,16,8192,0,1,70,0,0,0,0.011648,0,461,0,462
0,6.71062,577,0,0,60.406,16,8192,0,1,63,0,0,0,0.011648,0,461,0,462
0,7.14914,614,0,0,50.187,16,8192,0,1,62,0,0,0,0.011648,0,461,0,462
0,7.53902,648,0,0,54.258,16,8192,0,1,70,0,0,0,0.011648,0,461,0,462
0,8.03692,691,0,1,43.937,16,8192,0,1,61,1,0,0,0.011648,0,462,0,463
0,7.31102,630,0,4,103.661,16,8192,0,1,52,4,0,0,0.011648,0,466,0,467
0,5.28663,454,0,14,74.32,16,8192,0,1,47,14,0,0,0.011648,0,480,0,481
0,4.49492,386,0,0,35.698,16,8192,0,1,59,0,0,0,0.011648,0,480,0,481
0,5.94997,511,0,1,68.201,16,8192,0,1,61,1,0,0,0.011648,0,481,0,482
0,7.43677,639,0,0,46.755,16,8192,0,1,71,0,0,0,0.011648,0,481,0,482
0,6.29835,541,0,3,45.31,16,8192,0,1,57,3,0,0,0.011648,0,484,0,485
0,6.56367,564,0,0,52.287,16,8192,0,1,65,0,0,0,0.011648,0,484,0,485
0,5.93761,510,0,3,38.94,16,8192,0,1,54,3,0,0,0.011648,0,487,0,488
0,5.80682,499,0,1,34.541,16,8192,0,1,61,1,0,0,0.011648,0,488,0,489
0,6.08895,523,0,0,62.842,16,8192,0,1,62,0,0,0,0.011648,0,488,0,489
0,7.10259,610,0,3,55.972,16,8192,0,1,53,3,0,0,0.011648,0,491,0,492
0,6.5787,565,0,0,36.377,16,8192,0,1,66,0,0,0,0.011648,0,491,0,492
0,7.28999,626,0,2,67.897,16,8192,0,1,58,2,0,0,0.011648,0,493,0,494
0,6.80108,584,0,0,55.62,16,8192,0,1,70,0,0,0,0.011648,0,493,0,494
0,7.82512,672,0,0,40.771,16,8192,0,1,68,0,0,0,0.011648,0,493,0,494
0,6.53271,561,0,3,50.196,16,8192,0,1,58,3,0,0,0.011648,0,496,0,497
0,6.63613,571,0,0,25.35,16,8192,0,1,68,0,0,0,0.011648,0,496,0,497
0,7.97404,685,0,0,49.981,16,8192,0,1,66,0,0,0,0.011648,0,496,0,497
0,8.69758,747,0,2,63.089,16,8192,0,1,69,2,0,0,0.011648,0,498,0,499
0,8.5822,737,0,0,51.091,16,8192,0,1,73,0,0,0,0.011648,0,498,0,499
0,7.56799,650,0,2,44.675,16,8192,0,1,54,2,0,0,0.011648,0,500,0,501
0,7.85977,675,0,0,38.05,16,8192,0,1,68,0,0,0,0.011648,0,500,0,501
0,7.04524,605,0,2,76.07,16,8192,0,1,60,2,0,0,0.011648,0,502,0,503
0,7.72024,663,0,0,56.7,16,8192,0,1,70,0,0,0,0.011648,0,502,0,503
0,8.23296,707,0,0,53.018,16,8192,0,1,74,0,0,0,0.011648,0,502,0,503
0,7.17223,616,0,3,39.399,16,8192,0,1,57,3,0,0,0.011648,0,505,0,506
0,7.40627,636,0,0,51.599,16,8192,0,1,68,0,0,0,0.011648,0,505,0,506
0,7.32147,629,0,1,52.587,16,8192,0,1,64,1,0,0,0.011648,0,506,0,507
0,6.96337,598,0,2,42.464,16,8192,0,1,59,2,0,0,0.011648,0,508,0,509
0,6.20671,533,0,0,30.743,16,8192,0,1,67,0,0,0,0.011648,0,508,0,509
0,7.14902,614,0,1,44.692,16,8192,0,1,64,1,0,0,0.011648,0,509,0,510
0,7.75109,668,0,0,53.654,16,8192,0,1,69,0,0,0,0.011648,0,509,0,510
0,8.41938,723,0,0,44.643,16,8192,0,1,76,0,0,0,0.011648,0,509,0,510
0,6.97497,599,0,2,48.614,16,8192,0,1,61,2,0,0,0.011648,0,511,0,512
0,6.43982,553,0,3,36.338,16,8192,0,1,57,3,0,0,0.011648,0,514,0,515
0,6.18238,531,0,0,40.326,16,8192,0,1,62,0,0,0,0.011648,0,514,0,515
0,6.91257,594,0,0,63.458,16,8192,0,1,70,0,0,0,0.011648,0,514,0,515
0,7.16655,616,0,0,38.951,16,8192,0,1,66,0,0,0,0.011648,0,514,0,515
0,6.77459,582,0,2,44.44,16,8192,0,1,59,2,0,0,0.011648,0,516,0,517
0,6.67306,575,0,1,59.732,16,8192,0,1,66,1,0,0,0.011648,0,517,0,518
0,6.40262,550,0,3,65.333,16,8192,0,1,59,3,0,0,0.011648,0,520,0,521
0,5.18198,445,0,1,36.647,16,8192,0,1,61,1,0,0,0.011648,0,521,0,522
0,5.39196,463,0,0,32.915,16,8192,0,1,67,0,0,0,0.011648,0,521,0,522
0,6.45102,554,0,0,51.575,16,8192,0,1,62,0,0,0,0.011648,0,521,0,522
0,7.3584,632,0,1,41.275,16,8192,0,1,62,1,0,0,0.011648,0,522,0,523
0,7.31295,628,0,0,46.328,16,8192,0,1,68,0,0,0,0.011648,0,522,0,523


