MSS,500
SendRate(Mb/s),ReceiveRate(Mb/s),RecvPackets,Send Loss,Recv Loss,RTT(ms),CWnd,FlowWindow,Retrans,PktSndPeriod(us),SendACK,SendNAK,RecvACK,RecvNAK,EstimatedBandwidth(Mb/s),Retrans_Total, NAK_TotalSent,Total Send Loss,Total Recv Loss
0,0.469598,159,0,0,25.497,2,8192,0,0,86,0,0,0,0.003648,0,0,0,0
0,1.75244,481,0,0,45.43,2,8192,0,0,247,0,0,0,0.003648,0,0,0,0
0,2.83522,778,0,0,58.466,2,8192,0,0,394,0,0,0,0.003648,0,0,0,0
0,3.34639,918,0,0,75.492,2,8192,0,0,465,0,0,0,0.003648,0,0,0,0
0,5.69676,1562,0,100,113.089,2,8192,0,0,567,32,0,0,0.003648,0,32,0,100
0,9.62877,2640,0,34,102.588,2,8192,0,0,1009,10,0,0,0.003648,0,42,0,134
0,10.9433,3001,0,0,81.1,2,8192,0,0,1503,0,0,0,0.003648,0,42,0,134
0,7.30778,2005,0,148,100.846,2,8192,0,0,650,31,0,0,0.003648,0,73,0,282
0,2.00539,550,0,9,49.466,2,8192,0,0,120,4,0,0,0.003648,0,77,0,291
0,2.5491,699,0,0,19.97,2,8192,0,0,356,0,0,0,0.003648,0,77,0,291
0,6.11577,1678,0,1,91.174,2,8192,0,0,818,1,0,0,0.003648,0,78,0,292
0,9.05807,2484,0,0,153.811,2,8192,0,0,1186,0,0,0,0.003648,0,78,0,292
0,7.52305,2063,0,0,162.649,2,8192,0,0,1033,0,0,0,0.003648,0,78,0,292
0,8.25027,2262,0,4,174.558,2,8192,0,0,930,1,0,0,0.003648,0,79,0,296
0,7.74955,2125,0,0,132.988,2,8192,0,0,1065,0,0,0,0.003648,0,79,0,296
0,7.17066,1966,0,0,103.838,2,8192,0,0,986,0,0,0,0.003648,0,79,0,296
0,6.69226,1835,0,0,108.371,2,8192,0,0,919,0,0,0,0.003648,0,79,0,296
0,8.59996,2359,0,8,144.544,2,8192,0,0,734,5,0,0,0.003648,0,84,0,304
0,7.52729,2065,0,0,193.765,2,8192,0,0,1034,0,0,0,0.003648,0,84,0,304
0,7.29405,2000,0,4,143.182,2,8192,0,0,848,2,0,0,0.003648,0,86,0,308
0,9.07207,2488,0,38,121.748,2,8192,0,0,934,10,0,0,0.003648,0,96,0,346
0,9.23522,2533,0,8,78.658,2,8192,0,0,1078,3,0,0,0.003648,0,99,0,354
0,6.89994,1893,0,1,131.925,2,8192,0,0,839,1,0,0,0.003648,0,100,0,355
0,6.71389,1841,0,0,166.817,2,8192,0,0,925,0,0,0,0.003648,0,100,0,355
0,7.17062,1972,0,0,151.455,2,8192,0,0,992,0,0,0,0.003648,0,100,0,355
0,6.73933,1848,0,0,165.555,2,8192,0,0,930,0,0,0,0.003648,0,100,0,355
0,7.12717,1954,0,1,129.088,2,8192,0,0,918,1,0,0,0.003648,0,101,0,356
0,6.82479,1882,0,0,172.007,2,8192,0,0,946,0,0,0,0.003648,0,101,0,356
0,6.99019,1920,0,1,66.102,2,8192,0,0,901,1,0,0,0.003648,0,102,0,357
0,7.30887,2004,0,0,183.142,2,8192,0,0,1007,0,0,0,0.003648,0,102,0,357
0,6.15339,1688,0,1,232.015,2,8192,0,0,671,1,0,0,0.003648,0,103,0,358
0,6.84969,1879,0,3,122.267,2,8192,0,0,658,3,0,0,0.003648,0,106,0,361
0,6.4005,1756,0,1,44.055,2,8192,0,0,765,1,0,0,0.003648,0,107,0,362
0,6.19899,1700,0,0,92.311,2,8192,0,0,853,0,0,0,0.003648,0,107,0,362
0,7.02767,1927,0,0,127.081,2,8192,0,0,969,0,0,0,0.003648,0,107,0,362
0,7.08309,1943,0,0,265.983,2,8192,0,0,974,0,0,0,0.003648,0,107,0,362
0,6.67481,1831,0,1,49.174,2,8192,0,0,869,1,0,0,0.003648,0,108,0,363
0,6.53927,1793,0,1,150.518,2,8192,0,0,684,1,0,0,0.003648,0,109,0,364
0,6.75468,1852,0,0,199.294,2,8192,0,0,931,0,0,0,0.003648,0,109,0,364
0,6.55243,1797,0,0,249.939,2,8192,0,0,905,0,0,0,0.003648,0,109,0,364
0,6.5133,1786,0,1,70.5,2,8192,0,0,794,1,0,0,0.003648,0,110,0,365
0,6.38201,1751,0,2,92.982,2,8192,0,0,699,2,0,0,0.003648,0,112,0,367
0,6.53543,1793,0,1,133.575,2,8192,0,0,785,1,0,0,0.003648,0,113,0,368
0,6.39285,1753,0,0,256.228,2,8192,0,0,879,0,0,0,0.003648,0,113,0,368
0,5.46668,1499,0,1,169.535,2,8192,0,0,19,1,0,0,0.003648,0,114,0,369
0,1.06013,291,0,0,54.464,2,8192,0,0,150,0,0,0,0.003648,0,114,0,369
0,2.42135,664,0,0,19.812,2,8192,0,0,337,0,0,0,0.003648,0,114,0,369
0,4.62003,1268,0,0,56.557,2,8192,0,0,640,0,0,0,0.003648,0,114,0,369
0,6.41726,1788,0,1,153.796,2,8192,0,0,809,1,0,0,0.003648,0,115,0,370
0,6.19565,1699,0,1,156.285,2,8192,0,0,731,1,0,0,0.003648,0,116,0,371
0,6.17758,1695,0,0,80.152,2,8192,0,0,851,0,0,0,0.003648,0,116,0,371
0,6.6669,1828,0,0,217.918,2,8192,0,0,917,0,0,0,0.003648,0,116,0,371
0,6.07265,1665,0,0,86.976,2,8192,0,0,837,0,0,0,0.003648,0,116,0,371
0,6.82213,1873,0,0,204.986,2,8192,0,0,940,0,0,0,0.003648,0,116,0,371
0,6.7284,1845,0,0,156.382,2,8192,0,0,929,0,0,0,0.003648,0,116,0,371
0,6.66728,1828,0,0,195.226,2,8192,0,0,918,0,0,0,0.003648,0,116,0,371
0,6.49953,1783,0,1,241.319,2,8192,0,0,853,1,0,0,0.003648,0,117,0,372
0,6.43866,1767,0,1,202.546,2,8192,0,0,542,1,0,0,0.003648,0,118,0,373
0,6.70163,1838,0,0,115.726,2,8192,0,0,922,0,0,0,0.003648,0,118,0,373
0,6.42426,1762,0,0,69.838,2,8192,0,0,885,0,0,0,0.003648,0,118,0,373
0,6.3044,1729,0,1,141.351,2,8192,0,0,629,1,0,0,0.003648,0,119,0,374
0,6.50964,1785,0,0,144.051,2,8192,0,0,897,0,0,0,0.003648,0,119,0,374
0,6.62388,1816,0,0,131.158,2,8192,0,0,912,0,0,0,0.003648,0,119,0,374
0,6.62844,1818,0,0,213.393,2,8192,0,0,913,0,0,0,0.003648,0,119,0,374
0,6.52467,1789,0,0,207.415,2,8192,0,0,897,0,0,0,0.003648,0,119,0,374
0,6.23346,1709,0,1,72.056,2,8192,0,0,752,1,0,0,0.003648,0,120,0,375
0,6.55553,1798,0,0,180.297,2,8192,0,0,904,0,0,0,0.003648,0,120,0,375
0,6.31283,1731,0,1,76.707,2,8192,0,0,696,1,0,0,0.003648,0,121,0,376
0,7.80927,2141,0,221,86.601,2,8192,0,0,225,38,0,0,0.003648,0,159,0,597
0,3.56405,978,0,0,43.086,2,8192,0,0,103,0,0,0,0.003648,0,159,0,597
0,1.44775,397,0,0,45.031,2,8192,0,0,208,0,0,0,0.003648,0,159,0,597
0,2.07903,570,0,0,50.127,2,8192,0,0,291,0,0,0,0.003648,0,159,0,597
0,4.63925,1272,0,33,62.794,2,8192,0,0,566,5,0,0,0.003648,0,164,0,630
0,1.57195,431,0,0,45.017,2,8192,0,0,61,0,0,0,0.003648,0,164,0,630
0,1.02118,280,0,0,48.922,2,8192,0,0,150,0,0,0,0.003648,0,164,0,630
0,1.57572,432,0,0,50.737,2,8192,0,0,224,0,0,0,0.003648,0,164,0,630
0,3.02295,829,0,0,42.386,2,8192,0,0,419,0,0,0,0.003648,0,164,0,630
0,6.7844,1861,0,43,50.935,2,8192,0,0,627,12,0,0,0.003648,0,176,0,673
0,13.345,3659,0,16,91.241,2,8192,0,0,1708,3,0,0,0.003648,0,179,0,689
0,14.2964,3923,0,45,104.91,2,8192,0,0,1757,9,0,0,0.003648,0,188,0,734
0,13.1606,3611,0,28,100.902,2,8192,0,0,1144,7,0,0,0.003648,0,195,0,762
0,16.3324,4478,0,152,86.119,2,8192,0,0,1083,27,0,0,0.003648,0,222,0,914
0,15.4026,4228,0,0,127.956,2,8192,0,0,2110,0,0,0,0.003648,0,222,0,914
0,10.1605,2787,0,161,42.66,2,8192,0,0,397,29,0,0,0.003648,0,251,0,1075
0,0.944397,259,0,0,42.639,2,8192,0,0,142,0,0,0,0.003648,0,251,0,1075
0,1.70622,468,0,0,49.765,2,8192,0,0,243,0,0,0,0.003648,0,251,0,1075
0,2.25667,619,0,0,50.573,2,8192,0,0,320,0,0,0,0.003648,0,251,0,1075
0,6.2489,1715,0,17,59.762,2,8192,0,0,651,8,0,0,0.003648,0,259,0,1092
0,1.49895,411,0,0,34.773,2,8192,0,0,111,0,0,0,0.003648,0,259,0,1092
0,2.75015,754,0,0,29.695,2,8192,0,0,390,0,0,0,0.003648,0,259,0,1092
0,5.34488,1466,0,0,49.746,2,8192,0,0,738,0,0,0,0.003648,0,259,0,1092
0,6.78033,1860,0,2,138.476,2,8192,0,0,782,2,0,0,0.003648,0,261,0,1094
0,6.62223,1816,0,1,126.383,2,8192,0,0,780,1,0,0,0.003648,0,262,0,1095
0,6.91551,1897,0,2,128.952,2,8192,0,0,817,2,0,0,0.003648,0,264,0,1097
0,6.46169,1773,0,1,105.521,2,8192,0,0,763,1,0,0,0.003648,0,265,0,1098
0,6.54269,1795,0,0,56.236,2,8192,0,0,903,0,0,0,0.003648,0,265,0,1098
0,6.32106,1733,0,0,148.843,2,8192,0,0,869,0,0,0,0.003648,0,265,0,1098
0,6.5233,1789,0,3,91.065,2,8192,0,0,517,3,0,0,0.003648,0,268,0,1101
0,7.00529,1921,0,0,57.661,2,8192,0,0,964,0,0,0,0.003648,0,268,0,1101
0,6.51023,1785,0,0,106.495,2,8192,0,0,898,0,0,0,0.003648,0,268,0,1101
0,6.29146,1725,0,0,241.392,2,8192,0,0,868,0,0,0,0.003648,0,268,0,1101
0,6.49477,1782,0,0,238.186,2,8192,0,0,898,0,0,0,0.003648,0,268,0,1101
0,6.05687,1666,0,0,174.526,2,8192,0,0,838,0,0,0,0.003648,0,268,0,1101
0,6.75611,1853,0,1,129.314,2,8192,0,0,726,1,0,0,0.003648,0,269,0,1102
0,6.16402,1691,0,0,159.2,2,8192,0,0,849,0,0,0,0.003648,0,269,0,1102
0,6.09862,1674,0,1,155.013,2,8192,0,0,643,1,0,0,0.003648,0,270,0,1103
0,6.5251,1789,0,0,111.862,2,8192,0,0,898,0,0,0,0.003648,0,270,0,1103
0,6.30215,1730,0,0,109.403,2,8192,0,0,871,0,0,0,0.003648,0,270,0,1103
0,6.45751,1771,0,1,149.083,2,8192,0,0,773,1,0,0,0.003648,0,271,0,1104
0,6.44459,1767,0,1,81.278,2,8192,0,0,752,1,0,0,0.003648,0,272,0,1105
0,6.68181,1832,0,1,66.907,2,8192,0,0,815,1,0,0,0.003648,0,273,0,1106
0,6.07403,1667,0,2,99.66,2,8192,0,0,678,2,0,0,0.003648,0,275,0,1108
0,6.91769,1898,0,0,127.574,2,8192,0,0,955,0,0,0,0.003648,0,275,0,1108
0,6.0554,1661,0,1,110.933,2,8192,0,0,816,1,0,0,0.003648,0,276,0,1109
0,6.37054,1748,0,2,54.579,2,8192,0,0,659,2,0,0,0.003648,0,278,0,1111
0,6.27288,1725,0,0,164.856,2,8192,0,0,872,0,0,0,0.003648,0,278,0,1111
0,6.85336,1881,0,1,118.703,2,8192,0,0,722,1,0,0,0.003648,0,279,0,1112
0,6.8233,1871,0,0,173.756,2,8192,0,0,941,0,0,0,0.003648,0,279,0,1112
0,6.52092,1788,0,1,104.406,2,8192,0,0,823,1,0,0,0.003648,0,280,0,1113
0,6.8672,1883,0,1,253.897,2,8192,0,0,397,1,0,0,0.003648,0,281,0,1114
0,1.40776,386,0,0,32.994,2,8192,0,0,87,0,0,0,0.003648,0,281,0,1114
0,2.40345,659,0,0,24.406,2,8192,0,0,337,0,0,0,0.003648,0,281,0,1114
0,4.33496,1189,0,1,66.898,2,8192,0,0,569,1,0,0,0.003648,0,282,0,1115
0,6.01083,1648,0,1,59.725,2,8192,0,0,716,1,0,0,0.003648,0,283,0,1116
0,5.94503,1630,0,2,79.826,2,8192,0,0,633,2,0,0,0.003648,0,285,0,1118
0,6.24031,1711,0,1,102.014,2,8192,0,0,797,1,0,0,0.003648,0,286,0,1119
0,6.73431,1848,0,0,115.941,2,8192,0,0,930,0,0,0,0.003648,0,286,0,1119
0,6.33268,1739,0,0,188.541,2,8192,0,0,876,0,0,0,0.003648,0,286,0,1119
0,6.61629,1814,0,0,81.73,2,8192,0,0,913,0,0,0,0.003648,0,286,0,1119
0,6.61619,1814,0,0,226.762,2,8192,0,0,909,0,0,0,0.003648,0,286,0,1119
0,6.01187,1651,0,0,207.85,2,8192,0,0,831,0,0,0,0.003648,0,286,0,1119
0,6.43401,1764,0,0,194.315,2,8192,0,0,888,0,0,0,0.003648,0,286,0,1119
0,6.32722,1735,0,54,229.458,2,8192,0,0,766,15,0,0,0.003648,0,301,0,1173
0,4.15993,1141,0,117,41.093,2,8192,0,0,72,19,0,0,0.003648,0,320,0,1290
0,1.37862,378,0,0,47.086,2,8192,0,0,199,0,0,0,0.003648,0,320,0,1290
0,2.05682,564,0,0,48.227,2,8192,0,0,291,0,0,0,0.003648,0,320,0,1290
0,3.96039,1086,0,5,62.347,2,8192,0,0,542,2,0,0,0.003648,0,322,0,1295
0,8.54598,2343,0,17,77.592,2,8192,0,0,994,5,0,0,0.003648,0,327,0,1312
0,11.626,3190,0,29,86.692,2,8192,0,0,1151,9,0,0,0.003648,0,336,0,1341
0,11.3062,3105,0,40,69.985,2,8192,0,0,1191,9,0,0,0.003648,0,345,0,1381
0,13.4478,3688,0,12,86.682,2,8192,0,0,1450,6,0,0,0.003648,0,351,0,1393
0,14.3251,3931,0,18,74.83,2,8192,0,0,1427,5,0,0,0.003648,0,356,0,1411
0,13.3179,3652,0,14,77.571,2,8192,0,0,1490,1,0,0,0.003648,0,357,0,1425
0,13.1477,3605,0,33,85.395,2,8192,0,0,1352,10,0,0,0.003648,0,367,0,1458
0,14.763,4048,0,112,63.861,2,8192,0,0,1251,19,0,0,0.003648,0,386,0,1570
0,4.40769,1209,0,30,39.442,2,8192,0,0,121,7,0,0,0.003648,0,393,0,1600
0,1.72802,474,0,0,41.779,2,8192,0,0,245,0,0,0,0.003648,0,393,0,1600
0,2.21749,608,0,0,50.544,2,8192,0,0,313,0,0,0,0.003648,0,393,0,1600
0,7.11996,1952,0,0,77.209,2,8192,0,0,979,0,0,0,0.003648,0,393,0,1600
0,8.67708,2379,0,2,148.407,2,8192,0,0,1068,1,0,0,0.003648,0,394,0,1602
0,8.16289,2240,0,0,119.961,2,8192,0,0,1123,0,0,0,0.003648,0,394,0,1602
0,8.81455,2417,0,19,124.795,2,8192,0,0,871,9,0,0,0.003648,0,403,0,1621
0,5.34695,1466,0,28,41.5,2,8192,0,0,242,5,0,0,0.003648,0,408,0,1649
0,1.70189,467,0,0,23.368,2,8192,0,0,243,0,0,0,0.003648,0,408,0,1649
0,3.28255,900,0,0,31.653,2,8192,0,0,457,0,0,0,0.003648,0,408,0,1649
0,6.91031,1897,0,0,122.32,2,8192,0,0,953,0,0,0,0.003648,0,408,0,1649
0,6.88239,1887,0,2,69.974,2,8192,0,0,698,2,0,0,0.003648,0,410,0,1651
0,6.4633,1772,0,1,130.422,2,8192,0,0,746,1,0,0,0.003648,0,411,0,1652
0,6.83534,1874,0,0,84.784,2,8192,0,0,941,0,0,0,0.003648,0,411,0,1652
0,6.48469,1780,0,0,194.381,2,8192,0,0,896,0,0,0,0.003648,0,411,0,1652
0,6.49843,1782,0,0,180.811,2,8192,0,0,898,0,0,0,0.003648,0,411,0,1652
0,5.99843,1646,0,0,146.009,2,8192,0,0,827,0,0,0,0.003648,0,411,0,1652
0,6.43699,1765,0,0,184.417,2,8192,0,0,889,0,0,0,0.003648,0,411,0,1652
0,6.09078,1674,0,0,134.611,2,8192,0,0,844,0,0,0,0.003648,0,411,0,1652
0,6.01057,1650,0,0,265.612,2,8192,0,0,832,0,0,0,0.003648,0,411,0,1652
0,6.52129,1788,0,0,98.646,2,8192,0,0,901,0,0,0,0.003648,0,411,0,1652
0,6.41538,1759,0,0,53.709,2,8192,0,0,883,0,0,0,0.003648,0,411,0,1652
0,6.34581,1740,0,0,127.944,2,8192,0,0,873,0,0,0,0.003648,0,411,0,1652
0,6.58296,1805,0,1,54.011,2,8192,0,0,739,1,0,0,0.003648,0,412,0,1653
0,6.83395,1874,0,1,89.358,2,8192,0,0,848,1,0,0,0.003648,0,413,0,1654
0,7.011,1923,0,1,171.066,2,8192,0,0,874,1,0,0,0.003648,0,414,0,1655
0,6.4552,1770,0,0,102.488,2,8192,0,0,888,0,0,0,0.003648,0,414,0,1655
0,6.51979,1788,0,0,292.861,2,8192,0,0,899,0,0,0,0.003648,0,414,0,1655
0,6.95846,1908,0,0,112.648,2,8192,0,0,960,0,0,0,0.003648,0,414,0,1655
0,5.80643,1592,0,0,208.692,2,8192,0,0,802,0,0,0,0.003648,0,414,0,1655
0,6.81476,1869,0,1,338.301,2,8192,0,0,803,1,0,0,0.003648,0,415,0,1656
0,6.60292,1811,0,0,166.661,2,8192,0,0,909,0,0,0,0.003648,0,415,0,1656
0,5.42718,1488,0,2,70.504,2,8192,0,0,654,2,0,0,0.003648,0,417,0,1658
0,6.69411,1836,0,0,232.496,2,8192,0,0,869,0,0,0,0.003648,0,417,0,1658
0,6.63758,1820,0,0,188.624,2,8192,0,0,913,0,0,0,0.003648,0,417,0,1658
0,6.85666,1880,0,0,191.682,2,8192,0,0,947,0,0,0,0.003648,0,417,0,1658
0,6.34338,1740,0,0,47.422,2,8192,0,0,877,0,0,0,0.003648,0,417,0,1658
0,7.07866,1941,0,0,124.311,2,8192,0,0,975,0,0,0,0.003648,0,417,0,1658
0,6.50631,1784,0,1,93.561,2,8192,0,0,684,1,0,0,0.003648,0,418,0,1659
0,6.36418,1746,0,0,106.641,2,8192,0,0,878,0,0,0,0.003648,0,418,0,1659
0,6.77769,1863,0,0,177.777,2,8192,0,0,938,0,0,0,0.003648,0,418,0,1659
0,6.51173,1786,0,0,166.139,2,8192,0,0,896,0,0,0,0.003648,0,418,0,1659
0,6.30609,1729,0,0,270.432,2,8192,0,0,871,0,0,0,0.003648,0,418,0,1659
0,7.58215,2079,0,171,181.978,2,8192,0,0,692,38,0,0,0.003648,0,456,0,1830
0,4.36019,1196,0,0,30.514,2,8192,0,0,102,0,0,0,0.003648,0,456,0,1830
0,2.38149,653,0,0,22.773,2,8192,0,0,336,0,0,0,0.003648,0,456,0,1830
0,4.39487,1205,0,0,92.331,2,8192,0,0,607,0,0,0,0.003648,0,456,0,1830
0,7.02428,1926,0,1,113.217,2,8192,0,0,894,1,0,0,0.003648,0,457,0,1831
0,7.71788,2116,0,0,169.432,2,8192,0,0,1064,0,0,0,0.003648,0,457,0,1831
0,6.39225,1753,0,0,106.375,2,8192,0,0,883,0,0,0,0.003648,0,457,0,1831
0,6.76479,1855,0,0,81.851,2,8192,0,0,931,0,0,0,0.003648,0,457,0,1831
0,7.40371,2031,0,1,121.137,2,8192,0,0,846,1,0,0,0.003648,0,458,0,1832
0,6.38988,1755,0,0,131.643,2,8192,0,0,882,0,0,0,0.003648,0,458,0,1832
0,6.43371,1764,0,0,236.791,2,8192,0,0,884,0,0,0,0.003648,0,458,0,1832
0,6.42545,1764,0,0,59.102,2,8192,0,0,885,0,0,0,0.003648,0,458,0,1832
0,6.9477,1905,0,0,82.228,2,8192,0,0,957,0,0,0,0.003648,0,458,0,1832
0,6.47811,1776,0,1,166.074,2,8192,0,0,806,1,0,0,0.003648,0,459,0,1833
0,6.98561,1916,0,0,87.515,2,8192,0,0,963,0,0,0,0.003648,0,459,0,1833
0,6.53292,1791,0,1,105.461,2,8192,0,0,752,1,0,0,0.003648,0,460,0,1834
0,6.07261,1665,0,0,173.359,2,8192,0,0,841,0,0,0,0.003648,0,460,0,1834
0,7.19258,1972,0,0,164.731,2,8192,0,0,990,0,0,0,0.003648,0,460,0,1834
0,6.33876,1739,0,1,55.562,2,8192,0,0,662,1,0,0,0.003648,0,461,0,1835
0,6.45587,1770,0,1,136.519,2,8192,0,0,774,1,0,0,0.003648,0,462,0,1836
0,6.5729,1803,0,1,123.626,2,8192,0,0,762,1,0,0,0.003648,0,463,0,1837
0,6.42186,1763,0,1,138.491,2,8192,0,0,793,1,0,0,0.003648,0,464,0,1838
0,6.5389,1794,0,0,161.19,2,8192,0,0,899,0,0,0,0.003648,0,464,0,1838
0,6.3081,1730,0,0,159.579,2,8192,0,0,873,0,0,0,0.003648,0,464,0,1838
0,6.36412,1745,0,0,146.361,2,8192,0,0,878,0,0,0,0.003648,0,464,0,1838
0,6.65961,1828,0,1,190.146,2,8192,0,0,771,1,0,0,0.003648,0,465,0,1839
0,6.55393,1797,0,0,159.114,2,8192,0,0,870,0,0,0,0.003648,0,465,0,1839
0,6.76599,1855,0,0,147.39,2,8192,0,0,933,0,0,0,0.003648,0,465,0,1839
0,6.81003,1868,0,0,151.552,2,8192,0,0,938,0,0,0,0.003648,0,465,0,1839
0,6.70665,1839,0,1,222.348,2,8192,0,0,840,1,0,0,0.003648,0,466,0,1840
0,6.69622,1836,0,0,219.863,2,8192,0,0,777,0,0,0,0.003648,0,466,0,1840
0,6.83401,1874,0,0,238.338,2,8192,0,0,943,0,0,0,0.003648,0,466,0,1840
0,6.93581,1903,0,0,167.156,2,8192,0,0,957,0,0,0,0.003648,0,466,0,1840
0,6.68189,1833,0,0,178.102,2,8192,0,0,919,0,0,0,0.003648,0,466,0,1840
0,6.70727,1839,0,0,123.377,2,8192,0,0,922,0,0,0,0.003648,0,466,0,1840
0,7.26422,1992,0,0,185.59,2,8192,0,0,1001,0,0,0,0.003648,0,466,0,1840
0,7.26185,1991,0,0,337.838,2,8192,0,0,999,0,0,0,0.003648,0,466,0,1840
0,5.69626,1563,0,1,128.6,2,8192,0,0,742,1,0,0,0.003648,0,467,0,1841
0,6.63964,1821,0,0,201.783,2,8192,0,0,917,0,0,0,0.003648,0,467,0,1841
0,6.73994,1850,0,1,77.156,2,8192,0,0,701,1,0,0,0.003648,0,468,0,1842
0,6.1226,1683,0,0,147.512,2,8192,0,0,844,0,0,0,0.003648,0,468,0,1842
0,8.4795,2325,0,1,367.651,2,8192,0,0,993,1,0,0,0.003648,0,469,0,1843
0,4.44862,1221,0,0,49.324,2,8192,0,0,24,0,0,0,0.003648,0,469,0,1843
0,0.970007,266,0,0,27.855,2,8192,0,0,140,0,0,0,0.003648,0,469,0,1843
0,2.12251,582,0,0,24.237,2,8192,0,0,297,0,0,0,0.003648,0,469,0,1843
0,3.07127,842,0,0,44.657,2,8192,0,0,428,0,0,0,0.003648,0,469,0,1843
0,6.20622,1702,0,1,139.17,2,8192,0,0,789,1,0,0,0.003648,0,470,0,1844
0,6.3855,1751,0,2,144.185,2,8192,0,0,649,2,0,0,0.003648,0,472,0,1846
0,5.85532,1606,0,2,101.678,2,8192,0,0,583,2,0,0,0.003648,0,474,0,1848
0,6.81297,1868,0,0,182.193,2,8192,0,0,938,0,0,0,0.003648,0,474,0,1848
0,6.50013,1785,0,0,178.092,2,8192,0,0,895,0,0,0,0.003648,0,474,0,1848
0,6.23181,1709,0,0,78.25,2,8192,0,0,859,0,0,0,0.003648,0,474,0,1848
0,6.45203,1769,0,0,289.799,2,8192,0,0,890,0,0,0,0.003648,0,474,0,1848
0,6.14843,1687,0,1,181.027,2,8192,0,0,558,1,0,0,0.003648,0,475,0,1849
0,6.67114,1829,0,0,165.116,2,8192,0,0,919,0,0,0,0.003648,0,475,0,1849
0,7.2231,1981,0,1,149.393,2,8192,0,0,747,1,0,0,0.003648,0,476,0,1850
0,7.21465,1978,0,0,155.614,2,8192,0,0,995,0,0,0,0.003648,0,476,0,1850
0,6.53247,1794,0,0,143.773,2,8192,0,0,902,0,0,0,0.003648,0,476,0,1850
0,6.91196,1895,0,0,130.138,2,8192,0,0,952,0,0,0,0.003648,0,476,0,1850
0,6.39226,1754,0,0,104.605,2,8192,0,0,880,0,0,0,0.003648,0,476,0,1850
0,10.1789,2791,0,0,270.135,2,8192,0,0,1402,0,0,0,0.003648,0,476,0,1850
0,8.50342,2332,0,0,286.357,2,8192,0,0,1169,0,0,0,0.003648,0,476,0,1850
0,6.20443,1701,0,2,57.265,2,8192,0,0,682,2,0,0,0.003648,0,478,0,1852
0,6.44459,1767,0,1,217.043,2,8192,0,0,803,1,0,0,0.003648,0,479,0,1853
0,7.05614,1935,0,0,156.033,2,8192,0,0,972,0,0,0,0.003648,0,479,0,1853
0,6.25514,1715,0,0,109.745,2,8192,0,0,861,0,0,0,0.003648,0,479,0,1853
0,6.19492,1699,0,2,103.287,2,8192,0,0,672,2,0,0,0.003648,0,481,0,1855
0,6.93246,1901,0,0,163.487,2,8192,0,0,930,0,0,0,0.003648,0,481,0,1855
0,6.98734,1918,0,0,108.811,2,8192,0,0,962,0,0,0,0.003648,0,481,0,1855
0,6.86402,1883,0,0,175.283,2,8192,0,0,946,0,0,0,0.003648,0,481,0,1855
0,6.78396,1860,0,0,165.556,2,8192,0,0,934,0,0,0,0.003648,0,481,0,1855
0,6.58773,1807,0,1,153.787,2,8192,0,0,841,1,0,0,0.003648,0,482,0,1856
0,6.90473,1895,0,0,196.161,2,8192,0,0,951,0,0,0,0.003648,0,482,0,1856
0,6.91893,1897,0,0,118.088,2,8192,0,0,955,0,0,0,0.003648,0,482,0,1856
0,6.44444,1767,0,1,99.01,2,8192,0,0,690,1,0,0,0.003648,0,483,0,1857
0,6.76986,1856,0,0,63.913,2,8192,0,0,931,0,0,0,0.003648,0,483,0,1857
0,7.12543,1956,0,0,123.666,2,8192,0,0,981,0,0,0,0.003648,0,483,0,1857
0,7.53164,2066,0,0,239.409,2,8192,0,0,1036,0,0,0,0.003648,0,483,0,1857
0,7.06157,1936,0,0,156.374,2,8192,0,0,971,0,0,0,0.003648,0,483,0,1857
0,6.3831,1752,0,0,179.574,2,8192,0,0,882,0,0,0,0.003648,0,483,0,1857
0,6.56139,1799,0,0,186.288,2,8192,0,0,907,0,0,0,0.003648,0,483,0,1857
0,6.05618,1661,0,1,169.818,2,8192,0,0,820,1,0,0,0.003648,0,484,0,1858
0,6.50303,1783,0,0,151.157,2,8192,0,0,694,0,0,0,0.003648,0,484,0,1858
0,6.17488,1693,0,1,231.681,2,8192,0,0,406,1,0,0,0.003648,0,485,0,1859
0,1.54987,425,0,0,37.084,2,8192,0,0,59,0,0,0,0.003648,0,485,0,1859
0,1.23614,339,0,0,41.629,2,8192,0,0,176,0,0,0,0.003648,0,485,0,1859
0,2.11455,580,0,0,37.978,2,8192,0,0,295,0,0,0,0.003648,0,485,0,1859
0,4.64692,1274,0,0,81.849,2,8192,0,0,643,0,0,0,0.003648,0,485,0,1859
0,6.60031,1810,0,0,71.083,2,8192,0,0,908,0,0,0,0.003648,0,485,0,1859
0,6.6568,1825,0,1,163.604,2,8192,0,0,809,1,0,0,0.003648,0,486,0,1860
0,6.71844,1842,0,0,209.227,2,8192,0,0,926,0,0,0,0.003648,0,486,0,1860
0,6.66378,1827,0,2,92.016,2,8192,0,0,697,2,0,0,0.003648,0,488,0,1862
0,6.88887,1889,0,0,254.687,2,8192,0,0,948,0,0,0,0.003648,0,488,0,1862
0,6.55611,1800,0,0,189.591,2,8192,0,0,906,0,0,0,0.003648,0,488,0,1862
0,6.94141,1905,0,0,201.849,2,8192,0,0,956,0,0,0,0.003648,0,488,0,1862
0,6.51008,1785,0,0,118.391,2,8192,0,0,896,0,0,0,0.003648,0,488,0,1862
0,5.86817,1609,0,0,204.431,2,8192,0,0,811,0,0,0,0.003648,0,488,0,1862
0,6.71814,1842,0,0,103.72,2,8192,0,0,925,0,0,0,0.003648,0,488,0,1862
0,6.8583,1883,0,0,194.717,2,8192,0,0,944,0,0,0,0.003648,0,488,0,1862
0,7.26547,1992,0,0,122.866,2,8192,0,0,1001,0,0,0,0.003648,0,488,0,1862
0,6.85512,1881,0,0,206.171,2,8192,0,0,945,0,0,0,0.003648,0,488,0,1862
0,7.26208,1992,0,0,210.267,2,8192,0,0,998,0,0,0,0.003648,0,488,0,1862
0,6.32738,1735,0,0,160.747,2,8192,0,0,872,0,0,0,0.003648,0,488,0,1862
0,6.69405,1836,0,0,182.088,2,8192,0,0,923,0,0,0,0.003648,0,488,0,1862
0,6.89152,1890,0,1,110.749,2,8192,0,0,816,1,0,0,0.003648,0,489,0,1863
0,6.53518,1792,0,1,124.578,2,8192,0,0,769,1,0,0,0.003648,0,490,0,1864
0,6.65089,1824,0,0,188.574,2,8192,0,0,917,0,0,0,0.003648,0,490,0,1864
0,6.95341,1907,0,2,132.697,2,8192,0,0,726,2,0,0,0.003648,0,492,0,1866
0,7.43768,2040,0,0,315.138,2,8192,0,0,1025,0,0,0,0.003648,0,492,0,1866
0,7.05389,1934,0,0,198.976,2,8192,0,0,970,0,0,0,0.003648,0,492,0,1866
0,7.24085,1986,0,0,231.974,2,8192,0,0,999,0,0,0,0.003648,0,492,0,1866
0,6.96796,1913,0,0,202.11,2,8192,0,0,963,0,0,0,0.003648,0,492,0,1866
0,6.72219,1843,0,0,224.233,2,8192,0,0,925,0,0,0,0.003648,0,492,0,1866
0,6.29299,1726,0,1,172.052,2,8192,0,0,702,1,0,0,0.003648,0,493,0,1867
0,7.40764,2031,0,0,153.27,2,8192,0,0,1019,0,0,0,0.003648,0,493,0,1867
0,7.3793,2024,0,0,162.065,2,8192,0,0,1017,0,0,0,0.003648,0,493,0,1867
0,6.9938,1919,0,0,226.384,2,8192,0,0,965,0,0,0,0.003648,0,493,0,1867
0,6.70699,1839,0,1,162.476,2,8192,0,0,714,1,0,0,0.003648,0,494,0,1868
0,6.38507,1752,0,0,210.098,2,8192,0,0,881,0,0,0,0.003648,0,494,0,1868
0,6.81648,1869,0,1,191.942,2,8192,0,0,811,1,0,0,0.003648,0,495,0,1869
0,5.88328,1614,0,0,230.87,2,8192,0,0,813,0,0,0,0.003648,0,495,0,1869
0,7.00277,1920,0,0,102.199,2,8192,0,0,964,0,0,0,0.003648,0,495,0,1869
0,7.81256,2142,0,0,189.909,2,8192,0,0,1074,0,0,0,0.003648,0,495,0,1869
0,6.12806,1681,0,0,151.776,2,8192,0,0,845,0,0,0,0.003648,0,495,0,1869
0,6.52285,1789,0,1,230.802,2,8192,0,0,736,1,0,0,0.003648,0,496,0,1870
0,7.3606,2018,0,1,91.19,2,8192,0,0,804,1,0,0,0.003648,0,497,0,1871
0,6.10216,1673,0,0,180.227,2,8192,0,0,841,0,0,0,0.003648,0,497,0,1871
0,7.26725,1993,0,0,256.873,2,8192,0,0,1003,0,0,0,0.003648,0,497,0,1871
0,6.62775,1817,0,0,298.249,2,8192,0,0,913,0,0,0,0.003648,0,497,0,1871
0,6.60376,1812,0,0,236.296,2,8192,0,0,910,0,0,0,0.003648,0,497,0,1871
0,6.80047,1865,0,1,93.785,2,8192,0,0,753,1,0,0,0.003648,0,498,0,1872
0,6.65651,1825,0,0,88.969,2,8192,0,0,916,0,0,0,0.003648,0,498,0,1872
0,6.56867,1801,0,0,105.816,2,8192,0,0,906,0,0,0,0.003648,0,498,0,1872
0,6.36826,1746,0,0,145.612,2,8192,0,0,875,0,0,0,0.003648,0,498,0,1872
0,6.86047,1881,0,0,138.346,2,8192,0,0,946,0,0,0,0.003648,0,498,0,1872
0,7.11584,1951,0,1,157.435,2,8192,0,0,860,1,0,0,0.003648,0,499,0,1873
0,6.07573,1666,0,0,94.006,2,8192,0,0,837,0,0,0,0.003648,0,499,0,1873
0,6.87067,1884,0,0,160.71,2,8192,0,0,946,0,0,0,0.003648,0,499,0,1873
0,8.99125,2467,0,0,257.609,2,8192,0,0,1237,0,0,0,0.003648,0,499,0,1873
0,6.89298,1890,0,0,177.547,2,8192,0,0,950,0,0,0,0.003648,0,499,0,1873
0,6.11988,1678,0,0,159.133,2,8192,0,0,843,0,0,0,0.003648,0,499,0,1873
0,7.13138,1957,0,0,206.473,2,8192,0,0,982,0,0,0,0.003648,0,499,0,1873
0,7.04555,1933,0,0,213.292,2,8192,0,0,972,0,0,0,0.003648,0,499,0,1873
0,6.18184,1695,0,0,145.032,2,8192,0,0,851,0,0,0,0.003648,0,499,0,1873
0,6.47709,1776,0,0,164.486,2,8192,0,0,892,0,0,0,0.003648,0,499,0,1873
0,7.16972,1966,0,0,157.043,2,8192,0,0,990,0,0,0,0.003648,0,499,0,1873
0,7.80351,2141,0,0,235.299,2,8192,0,0,1075,0,0,0,0.003648,0,499,0,1873
0,7.56122,2073,0,0,229.882,2,8192,0,0,1041,0,0,0,0.003648,0,499,0,1873
0,6.73432,1847,0,0,265.003,2,8192,0,0,930,0,0,0,0.003648,0,499,0,1873
0,7.26159,1991,0,0,205.453,2,8192,0,0,1000,0,0,0,0.003648,0,499,0,1873
0,5.94642,1631,0,1,108.966,2,8192,0,0,703,1,0,0,0.003648,0,500,0,1874
0,6.64131,1822,0,1,180.962,2,8192,0,0,762,1,0,0,0.003648,0,501,0,1875
0,6.31903,1733,0,0,202.809,2,8192,0,0,872,0,0,0,0.003648,0,501,0,1875
0,6.43636,1766,0,1,71.657,2,8192,0,0,766,1,0,0,0.003648,0,502,0,1876
0,6.65462,1825,0,0,140.327,2,8192,0,0,916,0,0,0,0.003648,0,502,0,1876
0,6.27253,1721,0,0,167.786,2,8192,0,0,865,0,0,0,0.003648,0,502,0,1876
0,6.31308,1731,0,2,191.768,2,8192,0,0,608,2,0,0,0.003648,0,504,0,1878
0,6.83709,1875,0,1,152.379,2,8192,0,0,784,1,0,0,0.003648,0,505,0,1879
0,6.867,1884,0,0,216.91,2,8192,0,0,948,0,0,0,0.003648,0,505,0,1879
0,6.93156,1906,0,0,237.57,2,8192,0,0,959,0,0,0,0.003648,0,505,0,1879
0,6.83014,1873,0,0,178.055,2,8192,0,0,940,0,0,0,0.003648,0,505,0,1879
0,6.50989,1785,0,2,134.489,2,8192,0,0,771,2,0,0,0.003648,0,507,0,1881
0,7.09084,1945,0,1,132.637,2,8192,0,0,818,1,0,0,0.003648,0,508,0,1882
0,6.65091,1825,0,0,154.735,2,8192,0,0,916,0,0,0,0.003648,0,508,0,1882
0,6.52439,1790,0,1,320.815,2,8192,0,0,772,1,0,0,0.003648,0,509,0,1883
0,7.52273,2063,0,0,195.499,2,8192,0,0,866,0,0,0,0.003648,0,509,0,1883
0,6.36057,1744,0,0,168.936,2,8192,0,0,878,0,0,0,0.003648,0,509,0,1883
0,6.79457,1863,0,1,159.547,2,8192,0,0,805,1,0,0,0.003648,0,510,0,1884
0,6.65612,1829,0,0,148.917,2,8192,0,0,917,0,0,0,0.003648,0,510,0,1884
0,6.6892,1834,0,0,165.889,2,8192,0,0,920,0,0,0,0.003648,0,510,0,1884
0,6.45742,1771,0,0,184.025,2,8192,0,0,892,0,0,0,0.003648,0,510,0,1884
0,6.99029,1918,0,0,165.117,2,8192,0,0,962,0,0,0,0.003648,0,510,0,1884
0,6.33372,1737,0,0,165.939,2,8192,0,0,875,0,0,0,0.003648,0,510,0,1884
0,6.97063,1921,0,0,208.601,2,8192,0,0,963,0,0,0,0.003648,0,510,0,1884
0,6.41868,1760,0,1,317.846,2,8192,0,0,698,1,0,0,0.003648,0,511,0,1885
0,9.07762,2491,0,0,230.307,2,8192,0,0,1160,0,0,0,0.003648,0,511,0,1885
0,6.75767,1855,0,0,192.312,2,8192,0,0,931,0,0,0,0.003648,0,511,0,1885
0,7.26444,1994,0,2,240.135,2,8192,0,0,477,2,0,0,0.003648,0,513,0,1887
0,2.8218,774,0,0,28.917,2,8192,0,0,80,0,0,0,0.003648,0,513,0,1887
0,1.55348,426,0,0,50.064,2,8192,0,0,225,0,0,0,0.003648,0,513,0,1887
0,2.40281,659,0,0,27.332,2,8192,0,0,337,0,0,0,0.003648,0,513,0,1887
0,5.71139,1566,0,1,78.632,2,8192,0,0,707,1,0,0,0.003648,0,514,0,1888
0,5.94648,1632,0,1,98.319,2,8192,0,0,713,1,0,0,0.003648,0,515,0,1889
0,6.63101,1818,0,0,88.5,2,8192,0,0,913,0,0,0,0.003648,0,515,0,1889
0,6.55676,1800,0,0,185.614,2,8192,0,0,906,0,0,0,0.003648,0,515,0,1889
0,6.87796,1890,0,0,141.773,2,8192,0,0,948,0,0,0,0.003648,0,515,0,1889
0,7.33395,2012,0,0,223.525,2,8192,0,0,1011,0,0,0,0.003648,0,515,0,1889
0,6.72795,1847,0,0,163.829,2,8192,0,0,928,0,0,0,0.003648,0,515,0,1889
0,6.5355,1792,0,0,178.218,2,8192,0,0,901,0,0,0,0.003648,0,515,0,1889
0,6.85596,1880,0,0,177.918,2,8192,0,0,947,0,0,0,0.003648,0,515,0,1889
0,6.65257,1824,0,0,159.199,2,8192,0,0,915,0,0,0,0.003648,0,515,0,1889
0,7.32006,2007,0,0,156.176,2,8192,0,0,1009,0,0,0,0.003648,0,515,0,1889
0,6.47919,1777,0,0,157.629,2,8192,0,0,893,0,0,0,0.003648,0,515,0,1889
0,4.47304,1227,0,1,99.513,2,8192,0,0,130,1,0,0,0.003648,0,516,0,1890
0,0.842398,231,0,0,45.535,2,8192,0,0,121,0,0,0,0.003648,0,516,0,1890
0,1.58482,435,0,0,40.778,2,8192,0,0,225,0,0,0,0.003648,0,516,0,1890
0,2.25601,620,0,0,67.481,2,8192,0,0,316,0,0,0,0.003648,0,516,0,1890
0,5.27294,1446,0,0,85.22,2,8192,0,0,728,0,0,0,0.003648,0,516,0,1890
0,6.25168,1714,0,0,171.643,2,8192,0,0,862,0,0,0,0.003648,0,516,0,1890
0,6.19151,1699,0,1,97.483,2,8192,0,0,749,1,0,0,0.003648,0,517,0,1891
0,6.43416,1764,0,1,170.888,2,8192,0,0,798,1,0,0,0.003648,0,518,0,1892
0,7.17427,1967,0,0,211.888,2,8192,0,0,990,0,0,0,0.003648,0,518,0,1892
0,6.35611,1743,0,0,295.147,2,8192,0,0,877,0,0,0,0.003648,0,518,0,1892
0,6.63564,1821,0,1,206.111,2,8192,0,0,742,1,0,0,0.003648,0,519,0,1893
0,1.71378,470,0,0,30.841,2,8192,0,0,42,0,0,0,0.003648,0,519,0,1893
0,1.23618,339,0,0,36.754,2,8192,0,0,178,0,0,0,0.003648,0,519,0,1893
0,2.16934,595,0,0,52.23,2,8192,0,0,302,0,0,0,0.003648,0,519,0,1893
0,2.04592,561,0,0,56.086,2,8192,0,0,285,0,0,0,0.003648,0,519,0,1893
0,6.59998,1810,0,0,123.507,2,8192,0,0,910,0,0,0,0.003648,0,519,0,1893
0,6.47781,1776,0,0,104.516,2,8192,0,0,891,0,0,0,0.003648,0,519,0,1893
0,5.89048,1615,0,1,85.735,2,8192,0,0,709,1,0,0,0.003648,0,520,0,1894
0,6.24652,1713,0,0,178.607,2,8192,0,0,861,0,0,0,0.003648,0,520,0,1894
0,6.51802,1787,0,0,222.755,2,8192,0,0,896,0,0,0,0.003648,0,520,0,1894
0,6.71825,1842,0,0,283.253,2,8192,0,0,925,0,0,0,0.003648,0,520,0,1894
0,6.57513,1803,0,1,197.052,2,8192,0,0,867,1,0,0,0.003648,0,521,0,1895
0,6.9547,1908,0,0,241.9,2,8192,0,0,821,0,0,0,0.003648,0,521,0,1895
0,6.87288,1885,0,1,174.221,2,8192,0,0,787,1,0,0,0.003648,0,522,0,1896
0,6.68062,1833,0,1,351.991,2,8192,0,0,774,1,0,0,0.003648,0,523,0,1897
0,6.79835,1865,0,0,257.827,2,8192,0,0,935,0,0,0,0.003648,0,523,0,1897
0,6.72483,1844,0,0,196.613,2,8192,0,0,926,0,0,0,0.003648,0,523,0,1897
0,6.28267,1723,0,2,100.476,2,8192,0,0,686,2,0,0,0.003648,0,525,0,1899
0,8.4622,2322,0,0,241.125,2,8192,0,0,1164,0,0,0,0.003648,0,525,0,1899
0,7.3687,2021,0,0,175.073,2,8192,0,0,1016,0,0,0,0.003648,0,525,0,1899
0,6.10578,1674,0,3,109.117,2,8192,0,0,466,3,0,0,0.003648,0,528,0,1902
0,6.59402,1808,0,0,126.765,2,8192,0,0,909,0,0,0,0.003648,0,528,0,1902
0,7.00622,1922,0,0,111.395,2,8192,0,0,965,0,0,0,0.003648,0,528,0,1902
0,6.89339,1890,0,0,142.858,2,8192,0,0,948,0,0,0,0.003648,0,528,0,1902
0,5.99215,1643,0,0,56.557,2,8192,0,0,825,0,0,0,0.003648,0,528,0,1902
0,6.42624,1761,0,0,227.683,2,8192,0,0,887,0,0,0,0.003648,0,528,0,1902
0,6.69081,1835,0,1,72.852,2,8192,0,0,847,1,0,0,0.003648,0,529,0,1903
0,6.47882,1778,0,0,128.723,2,8192,0,0,891,0,0,0,0.003648,0,529,0,1903
0,6.53039,1791,0,0,106.763,2,8192,0,0,899,0,0,0,0.003648,0,529,0,1903
0,6.76381,1856,0,0,181.52,2,8192,0,0,932,0,0,0,0.003648,0,529,0,1903
0,6.98494,1916,0,0,355.038,2,8192,0,0,966,0,0,0,0.003648,0,529,0,1903
0,6.80575,1866,0,0,182.183,2,8192,0,0,935,0,0,0,0.003648,0,529,0,1903
0,8.31618,2280,0,0,204.269,2,8192,0,0,1142,0,0,0,0.003648,0,529,0,1903
0,6.98792,1916,0,0,65.347,2,8192,0,0,962,0,0,0,0.003648,0,529,0,1903
0,6.49905,1782,0,1,191.536,2,8192,0,0,799,1,0,0,0.003648,0,530,0,1904
0,8.55207,2348,0,0,242.078,2,8192,0,0,1178,0,0,0,0.003648,0,530,0,1904
0,9.89771,2714,0,0,234.625,2,8192,0,0,1362,0,0,0,0.003648,0,530,0,1904
0,6.14586,1685,0,1,282.948,2,8192,0,0,601,1,0,0,0.003648,0,531,0,1905
0,7.69227,2109,0,1,159.233,2,8192,0,0,942,1,0,0,0.003648,0,532,0,1906
0,7.20288,1975,0,0,162.261,2,8192,0,0,993,0,0,0,0.003648,0,532,0,1906
0,13.1414,3606,0,0,207,2,8192,0,0,1807,0,0,0,0.003648,0,532,0,1906
0,7.76866,2130,0,0,164.702,2,8192,0,0,1071,0,0,0,0.003648,0,532,0,1906
0,7.2659,1993,0,0,180.523,2,8192,0,0,1004,0,0,0,0.003648,0,532,0,1906
0,6.54731,1795,0,0,99.158,2,8192,0,0,900,0,0,0,0.003648,0,532,0,1906
0,7.84716,2152,0,0,156.456,2,8192,0,0,1079,0,0,0,0.003648,0,532,0,1906
0,6.91878,1897,0,0,167.606,2,8192,0,0,955,0,0,0,0.003648,0,532,0,1906
0,7.39706,2028,0,0,168.84,2,8192,0,0,1018,0,0,0,0.003648,0,532,0,1906
0,6.82625,1873,0,1,75.949,2,8192,0,0,758,1,0,0,0.003648,0,533,0,1907
0,6.81888,1870,0,0,114.866,2,8192,0,0,939,0,0,0,0.003648,0,533,0,1907
0,7.17355,1967,0,0,157.266,2,8192,0,0,988,0,0,0,0.003648,0,533,0,1907
0,7.37429,2022,0,0,279.07,2,8192,0,0,1015,0,0,0,0.003648,0,533,0,1907
0,6.48498,1778,0,0,176.527,2,8192,0,0,893,0,0,0,0.003648,0,533,0,1907
0,7.4034,2031,0,0,146.826,2,8192,0,0,1020,0,0,0,0.003648,0,533,0,1907
0,7.04887,1934,0,0,181.049,2,8192,0,0,970,0,0,0,0.003648,0,533,0,1907
0,6.81326,1869,0,1,179.426,2,8192,0,0,260,1,0,0,0.003648,0,534,0,1908
0,0.487903,134,0,0,45.597,2,8192,0,0,72,0,0,0,0.003648,0,534,0,1908
0,1.2035,330,0,0,81.194,2,8192,0,0,169,0,0,0,0.003648,0,534,0,1908
0,2.16454,594,0,0,47.33,2,8192,0,0,301,0,0,0,0.003648,0,534,0,1908
0,4.47762,1228,0,0,118.174,2,8192,0,0,621,0,0,0,0.003648,0,534,0,1908
0,6.64092,1821,0,0,138.878,2,8192,0,0,912,0,0,0,0.003648,0,534,0,1908
0,6.46434,1776,0,0,190.889,2,8192,0,0,893,0,0,0,0.003648,0,534,0,1908
0,7.07947,1941,0,0,147.612,2,8192,0,0,974,0,0,0,0.003648,0,534,0,1908
0,7.02389,1927,0,1,204.052,2,8192,0,0,856,1,0,0,0.003648,0,535,0,1909
0,6.92955,1902,0,0,144.64,2,8192,0,0,876,0,0,0,0.003648,0,535,0,1909
0,6.73182,1846,0,0,160.311,2,8192,0,0,929,0,0,0,0.003648,0,535,0,1909
0,6.50043,1784,0,1,203.014,2,8192,0,0,769,1,0,0,0.003648,0,536,0,1910
0,7.28949,2000,0,0,195.355,2,8192,0,0,966,0,0,0,0.003648,0,536,0,1910
0,6.42645,1762,0,1,217.325,2,8192,0,0,792,1,0,0,0.003648,0,537,0,1911
0,7.1955,1973,0,0,146.833,2,8192,0,0,884,0,0,0,0.003648,0,537,0,1911
0,6.96703,1911,0,0,152.497,2,8192,0,0,959,0,0,0,0.003648,0,537,0,1911
0,6.94079,1908,0,0,218.788,2,8192,0,0,957,0,0,0,0.003648,0,537,0,1911
0,6.84689,1880,0,0,127.221,2,8192,0,0,944,0,0,0,0.003648,0,537,0,1911
0,8.21716,2253,0,0,178.549,2,8192,0,0,1131,0,0,0,0.003648,0,537,0,1911
0,8.83535,2423,0,0,284.903,2,8192,0,0,1217,0,0,0,0.003648,0,537,0,1911
0,6.17689,1695,0,0,230.699,2,8192,0,0,853,0,0,0,0.003648,0,537,0,1911
0,7.1423,1959,0,0,133.753,2,8192,0,0,983,0,0,0,0.003648,0,537,0,1911
0,7.06079,1936,0,0,201.777,2,8192,0,0,972,0,0,0,0.003648,0,537,0,1911
0,6.75075,1851,0,1,190.251,2,8192,0,0,860,1,0,0,0.003648,0,538,0,1912
0,8.21301,2253,0,0,362.931,2,8192,0,0,1130,0,0,0,0.003648,0,538,0,1912
0,6.69508,1837,0,0,166.455,2,8192,0,0,924,0,0,0,0.003648,0,538,0,1912
0,6.80497,1866,0,0,140.59,2,8192,0,0,938,0,0,0,0.003648,0,538,0,1912
0,6.62945,1818,0,0,199.656,2,8192,0,0,913,0,0,0,0.003648,0,538,0,1912
0,6.72546,1844,0,0,166.778,2,8192,0,0,928,0,0,0,0.003648,0,538,0,1912
0,8.27925,2270,0,0,213.442,2,8192,0,0,1137,0,0,0,0.003648,0,538,0,1912
0,7.01883,1925,0,1,129.007,2,8192,0,0,809,1,0,0,0.003648,0,539,0,1913
0,7.23202,1983,0,1,189.867,2,8192,0,0,808,1,0,0,0.003648,0,540,0,1914
0,6.72446,1844,0,1,249.51,2,8192,0,0,742,1,0,0,0.003648,0,541,0,1915
0,6.53218,1791,0,1,176.77,2,8192,0,0,856,1,0,0,0.003648,0,542,0,1916
0,6.62291,1816,0,0,225.14,2,8192,0,0,748,0,0,0,0.003648,0,542,0,1916
0,6.76916,1856,0,1,74.845,2,8192,0,0,762,1,0,0,0.003648,0,543,0,1917
0,6.57258,1802,0,0,176.894,2,8192,0,0,904,0,0,0,0.003648,0,543,0,1917
0,6.67465,1830,0,0,177.247,2,8192,0,0,919,0,0,0,0.003648,0,543,0,1917
0,6.3536,1742,0,0,79.588,2,8192,0,0,874,0,0,0,0.003648,0,543,0,1917
0,6.9878,1916,0,0,150.219,2,8192,0,0,962,0,0,0,0.003648,0,543,0,1917
0,6.57987,1804,0,1,75.186,2,8192,0,0,738,1,0,0,0.003648,0,544,0,1918
0,6.51574,1787,0,0,125.181,2,8192,0,0,898,0,0,0,0.003648,0,544,0,1918
0,6.30559,1729,0,0,138.568,2,8192,0,0,869,0,0,0,0.003648,0,544,0,1918
0,6.46756,1774,0,0,130.124,2,8192,0,0,892,0,0,0,0.003648,0,544,0,1918
0,6.67688,1831,0,0,120.295,2,8192,0,0,918,0,0,0,0.003648,0,544,0,1918
0,7.02674,1927,0,0,184.236,2,8192,0,0,969,0,0,0,0.003648,0,544,0,1918
0,7.51269,2060,0,0,113.308,2,8192,0,0,1032,0,0,0,0.003648,0,544,0,1918
0,7.16676,1965,0,0,203.299,2,8192,0,0,988,0,0,0,0.003648,0,544,0,1918
0,7.24989,1988,0,0,161.525,2,8192,0,0,997,0,0,0,0.003648,0,544,0,1918
0,6.59721,1809,0,0,175.447,2,8192,0,0,910,0,0,0,0.003648,0,544,0,1918
0,6.33826,1738,0,0,131.823,2,8192,0,0,876,0,0,0,0.003648,0,544,0,1918
0,6.88281,1888,0,0,121.935,2,8192,0,0,947,0,0,0,0.003648,0,544,0,1918
0,6.88817,1890,0,1,72.82,2,8192,0,0,812,1,0,0,0.003648,0,545,0,1919
0,6.83561,1874,0,0,124.125,2,8192,0,0,940,0,0,0,0.003648,0,545,0,1919
0,6.91391,1897,0,0,168.503,2,8192,0,0,952,0,0,0,0.003648,0,545,0,1919
0,7.36435,2020,0,0,256.546,2,8192,0,0,1014,0,0,0,0.003648,0,545,0,1919
0,6.99778,1919,0,0,314.028,2,8192,0,0,963,0,0,0,0.003648,0,545,0,1919
0,6.23376,1709,0,1,95.662,2,8192,0,0,711,1,0,0,0.003648,0,546,0,1920
0,7.05796,1935,0,0,143.276,2,8192,0,0,971,0,0,0,0.003648,0,546,0,1920
0,6.77687,1858,0,0,155.272,2,8192,0,0,934,0,0,0,0.003648,0,546,0,1920
0,6.7422,1852,0,0,208.644,2,8192,0,0,929,0,0,0,0.003648,0,546,0,1920
0,7.06154,1936,0,0,117.85,2,8192,0,0,972,0,0,0,0.003648,0,546,0,1920
0,6.6602,1826,0,0,307.972,2,8192,0,0,918,0,0,0,0.003648,0,546,0,1920
0,6.48463,1778,0,0,118.117,2,8192,0,0,892,0,0,0,0.003648,0,546,0,1920
0,6.38506,1751,0,1,81.849,2,8192,0,0,660,1,0,0,0.003648,0,547,0,1921
0,7.77894,2133,0,0,210.243,2,8192,0,0,1070,0,0,0,0.003648,0,547,0,1921
0,6.64539,1822,0,0,180.138,2,8192,0,0,917,0,0,0,0.003648,0,547,0,1921
0,6.89562,1894,0,0,219.98,2,8192,0,0,950,0,0,0,0.003648,0,547,0,1921
0,6.82421,1871,0,0,68.198,2,8192,0,0,939,0,0,0,0.003648,0,547,0,1921
0,6.98793,1916,0,0,108.506,2,8192,0,0,961,0,0,0,0.003648,0,547,0,1921
0,7.00552,1921,0,0,241.052,2,8192,0,0,965,0,0,0,0.003648,0,547,0,1921
0,7.91451,2171,0,0,193.008,2,8192,0,0,1090,0,0,0,0.003648,0,547,0,1921
0,7.27594,1995,0,0,269.124,2,8192,0,0,1004,0,0,0,0.003648,0,547,0,1921
0,6.89483,1892,0,0,218.966,2,8192,0,0,949,0,0,0,0.003648,0,547,0,1921
0,6.5873,1806,0,1,98.1,2,8192,0,0,729,1,0,0,0.003648,0,548,0,1922
0,7.0502,1933,0,0,160.335,2,8192,0,0,970,0,0,0,0.003648,0,548,0,1922
0,7.37827,2023,0,0,122.898,2,8192,0,0,1015,0,0,0,0.003648,0,548,0,1922
0,6.39688,1754,0,0,185.665,2,8192,0,0,883,0,0,0,0.003648,0,548,0,1922
0,6.39346,1753,0,0,246.667,2,8192,0,0,880,0,0,0,0.003648,0,548,0,1922
0,7.42866,2037,0,0,289.023,2,8192,0,0,1021,0,0,0,0.003648,0,548,0,1922
0,5.8121,1594,0,1,227.245,2,8192,0,0,784,1,0,0,0.003648,0,549,0,1923
0,7.18597,1971,0,1,238.241,2,8192,0,0,583,1,0,0,0.003648,0,550,0,1924
0,6.20391,1701,0,1,121.178,2,8192,0,0,802,1,0,0,0.003648,0,551,0,1925
0,7.04499,1932,0,0,290.576,2,8192,0,0,971,0,0,0,0.003648,0,551,0,1925
0,6.96544,1910,0,0,175.024,2,8192,0,0,959,0,0,0,0.003648,0,551,0,1925
0,6.58469,1807,0,1,190.745,2,8192,0,0,727,1,0,0,0.003648,0,552,0,1926
0,7.83128,2150,0,0,150.259,2,8192,0,0,1078,0,0,0,0.003648,0,552,0,1926
0,7.51686,2061,0,0,219.966,2,8192,0,0,1034,0,0,0,0.003648,0,552,0,1926
0,6.95007,1906,0,0,88.454,2,8192,0,0,956,0,0,0,0.003648,0,552,0,1926
0,6.39162,1753,0,0,93.581,2,8192,0,0,881,0,0,0,0.003648,0,552,0,1926
0,6.02486,1652,0,2,80.469,2,8192,0,0,655,2,0,0,0.003648,0,554,0,1928
0,7.17567,1970,0,2,61.79,2,8192,0,0,787,2,0,0,0.003648,0,556,0,1930
0,8.43555,2313,0,0,276.667,2,8192,0,0,1160,0,0,0,0.003648,0,556,0,1930
0,6.49505,1782,0,0,250.344,2,8192,0,0,896,0,0,0,0.003648,0,556,0,1930
0,6.30945,1730,0,1,69.629,2,8192,0,0,675,1,0,0,0.003648,0,557,0,1931
0,6.21455,1705,0,0,138.25,2,8192,0,0,857,0,0,0,0.003648,0,557,0,1931
0,6.87081,1885,0,0,142.476,2,8192,0,0,947,0,0,0,0.003648,0,557,0,1931
0,6.18211,1697,0,0,208.098,2,8192,0,0,853,0,0,0,0.003648,0,557,0,1931
0,6.9898,1917,0,0,159.459,2,8192,0,0,964,0,0,0,0.003648,0,557,0,1931
0,6.50311,1784,0,0,127.558,2,8192,0,0,895,0,0,0,0.003648,0,557,0,1931
0,7.87783,2160,0,0,161.051,2,8192,0,0,1084,0,0,0,0.003648,0,557,0,1931
0,9.33365,2559,0,309,61.344,2,8192,0,0,551,66,0,0,0.003648,0,623,0,2240
0,14.9973,4112,0,289,76.911,2,8192,0,0,1595,40,0,0,0.003648,0,663,0,2529
0,14.9238,4093,0,256,45.717,2,8192,0,0,1480,41,0,0,0.003648,0,704,0,2785
0,17.2092,4722,0,260,72.804,2,8192,0,0,1435,34,0,0,0.003648,0,738,0,3045
0,17.1198,4694,0,140,137.478,2,8192,0,0,2045,19,0,0,0.003648,0,757,0,3185
0,18.293,5018,0,0,164.163,2,8192,0,0,2510,0,0,0,0.003648,0,757,0,3185
0,10.661,2923,0,0,142.61,2,8192,0,0,1465,0,0,0,0.003648,0,757,0,3185
0,10.4442,2868,0,0,129.435,2,8192,0,0,1440,0,0,0,0.003648,0,757,0,3185
0,7.64758,2097,0,0,104.703,2,8192,0,0,1052,0,0,0,0.003648,0,757,0,3185
0,7.20683,1976,0,0,166.731,2,8192,0,0,991,0,0,0,0.003648,0,757,0,3185
0,8.30433,2278,0,0,132.544,2,8192,0,0,1144,0,0,0,0.003648,0,757,0,3185
0,6.82296,1871,0,0,130.342,2,8192,0,0,940,0,0,0,0.003648,0,757,0,3185
0,6.39118,1753,0,0,109.5,2,8192,0,0,879,0,0,0,0.003648,0,757,0,3185
0,6.58679,1806,0,1,87.438,2,8192,0,0,841,1,0,0,0.003648,0,758,0,3186
0,6.62146,1816,0,0,297.414,2,8192,0,0,913,0,0,0,0.003648,0,758,0,3186
0,7.14057,1958,0,1,125.642,2,8192,0,0,807,1,0,0,0.003648,0,759,0,3187
0,6.27695,1722,0,0,160.637,2,8192,0,0,865,0,0,0,0.003648,0,759,0,3187
0,6.51766,1787,0,0,214.351,2,8192,0,0,898,0,0,0,0.003648,0,759,0,3187
0,6.53477,1792,0,0,110.133,2,8192,0,0,900,0,0,0,0.003648,0,759,0,3187
0,6.76255,1854,0,1,149.109,2,8192,0,0,706,1,0,0,0.003648,0,760,0,3188
0,6.4368,1765,0,1,102.92,2,8192,0,0,781,1,0,0,0.003648,0,761,0,3189
0,6.46825,1775,0,1,124.633,2,8192,0,0,752,1,0,0,0.003648,0,762,0,3190
0,6.36646,1746,0,0,168.504,2,8192,0,0,879,0,0,0,0.003648,0,762,0,3190
0,6.2949,1726,0,0,166.484,2,8192,0,0,868,0,0,0,0.003648,0,762,0,3190
0,6.43353,1764,0,0,198.045,2,8192,0,0,886,0,0,0,0.003648,0,762,0,3190
0,7.06031,1938,0,0,184.088,2,8192,0,0,973,0,0,0,0.003648,0,762,0,3190
0,6.75993,1854,0,0,187.301,2,8192,0,0,931,0,0,0,0.003648,0,762,0,3190
0,6.60259,1817,0,0,177.814,2,8192,0,0,914,0,0,0,0.003648,0,762,0,3190
0,7.13975,1959,0,1,240.063,2,8192,0,0,872,1,0,0,0.003648,0,763,0,3191
0,6.51148,1788,0,0,126.925,2,8192,0,0,897,0,0,0,0.003648,0,763,0,3191
0,7.12602,1955,0,31,210.38,2,8192,0,0,540,9,0,0,0.003648,0,772,0,3222
0,5.29308,1452,0,32,33.988,2,8192,0,0,41,10,0,0,0.003648,0,782,0,3254
0,1.46572,402,0,0,34.955,2,8192,0,0,207,0,0,0,0.003648,0,782,0,3254
0,2.52338,692,0,0,44.967,2,8192,0,0,353,0,0,0,0.003648,0,782,0,3254
0,5.1052,1400,0,0,92.886,2,8192,0,0,705,0,0,0,0.003648,0,782,0,3254
0,6.76205,1855,0,0,149.661,2,8192,0,0,930,0,0,0,0.003648,0,782,0,3254
0,6.36894,1747,0,0,102.289,2,8192,0,0,879,0,0,0,0.003648,0,782,0,3254
0,6.77735,1858,0,0,175.628,2,8192,0,0,933,0,0,0,0.003648,0,782,0,3254
0,6.58717,1807,0,0,149.964,2,8192,0,0,907,0,0,0,0.003648,0,782,0,3254
0,6.21285,1704,0,0,176.399,2,8192,0,0,859,0,0,0,0.003648,0,782,0,3254
0,6.65461,1826,0,0,118.65,2,8192,0,0,918,0,0,0,0.003648,0,782,0,3254
0,7.25804,1990,0,0,65.765,2,8192,0,0,1001,0,0,0,0.003648,0,782,0,3254
0,8.6662,2385,0,0,227.106,2,8192,0,0,1196,0,0,0,0.003648,0,782,0,3254
0,7.32934,2010,0,0,165.494,2,8192,0,0,1008,0,0,0,0.003648,0,782,0,3254
0,6.70378,1838,0,0,293.784,2,8192,0,0,923,0,0,0,0.003648,0,782,0,3254
0,6.46941,1774,0,0,304.36,2,8192,0,0,891,0,0,0,0.003648,0,782,0,3254
0,6.33144,1736,0,0,198.707,2,8192,0,0,872,0,0,0,0.003648,0,782,0,3254
0,6.77652,1859,0,0,233.861,2,8192,0,0,935,0,0,0,0.003648,0,782,0,3254
0,6.43917,1768,0,50,65.346,2,8192,0,0,765,10,0,0,0.003648,0,792,0,3304
0,3.5132,964,0,62,22.335,2,8192,0,0,46,22,0,0,0.003648,0,814,0,3366
0,1.55528,427,0,0,24.01,2,8192,0,0,221,0,0,0,0.003648,0,814,0,3366
0,2.61346,718,0,0,35.354,2,8192,0,0,368,0,0,0,0.003648,0,814,0,3366
0,5.78368,1586,0,0,86.01,2,8192,0,0,798,0,0,0,0.003648,0,814,0,3366
0,6.80337,1866,0,2,71.17,2,8192,0,0,851,2,0,0,0.003648,0,816,0,3368


