MSS,1000
SendRate(Mb/s),ReceiveRate(Mb/s),RecvPackets,Send Loss,Recv Loss,RTT(ms),CWnd,FlowWindow,Retrans,PktSndPeriod(us),SendACK,SendNAK,RecvACK,RecvNAK,EstimatedBandwidth(Mb/s),Retrans_Total, NAK_TotalSent,Total Send Loss,Total Recv Loss
0,1.94272,275,0,0,39.72,2,8192,0,0,145,0,0,0,0.007648,0,0,0,0
0,2.81199,368,0,1,40.623,2,8192,0,0,180,1,0,0,0.007648,0,1,0,1
0,3.09541,405,0,3,55.161,2,8192,0,0,173,3,0,0,0.007648,0,4,0,4
0,3.39437,444,0,3,72.867,2,8192,0,0,195,3,0,0,0.007648,0,7,0,7
0,3.14077,411,0,2,113.565,2,8192,0,0,182,2,0,0,0.007648,0,9,0,9
0,2.75968,361,0,3,82.358,2,8192,0,0,124,3,0,0,0.007648,0,12,0,12
0,2.96409,388,0,4,92.365,2,8192,0,0,113,4,0,0,0.007648,0,16,0,16
0,3.22575,422,0,5,90.583,2,8192,0,0,127,5,0,0,0.007648,0,21,0,21
0,3.37706,442,0,6,105.297,2,8192,0,0,157,6,0,0,0.007648,0,27,0,27
0,3.11874,408,0,5,101.47,2,8192,0,0,132,5,0,0,0.007648,0,32,0,32
0,3.24944,425,0,3,95.943,2,8192,0,0,113,3,0,0,0.007648,0,35,0,35
0,3.51565,460,0,6,107.529,2,8192,0,0,136,6,0,0,0.007648,0,41,0,41
0,2.91213,381,0,7,103.595,2,8192,0,0,103,7,0,0,0.007648,0,48,0,48
0,3.2092,420,0,5,108.145,2,8192,0,0,109,5,0,0,0.007648,0,53,0,53
0,3.15531,413,0,6,111.205,2,8192,0,0,106,6,0,0,0.007648,0,59,0,59
0,3.33361,436,0,9,143.227,2,8192,0,0,149,9,0,0,0.007648,0,68,0,68
0,3.2953,431,0,9,118.024,2,8192,0,0,129,9,0,0,0.007648,0,77,0,77
0,3.81559,499,0,4,108.81,2,8192,0,0,159,4,0,0,0.007648,0,81,0,81
0,3.71218,486,0,6,123.19,2,8192,0,0,135,6,0,0,0.007648,0,87,0,87
0,3.37965,442,0,8,163.2,2,8192,0,0,86,8,0,0,0.007648,0,95,0,95
0,3.38685,443,0,3,125.956,2,8192,0,0,144,3,0,0,0.007648,0,98,0,98
0,3.50894,459,0,7,124.895,2,8192,0,0,126,7,0,0,0.007648,0,105,0,105
0,1.26938,166,0,4,112.504,2,8192,0,0,19,4,0,0,0.007648,0,109,0,109
0,1.74335,228,0,0,74.653,2,8192,0,0,89,0,0,0,0.007648,0,109,0,109
0,3.27263,428,0,5,67.81,2,8192,0,0,144,5,0,0,0.007648,0,114,0,114
0,2.63777,345,0,3,81.113,2,8192,0,0,118,3,0,0,0.007648,0,117,0,117
0,3.32506,435,0,3,112.023,2,8192,0,0,178,3,0,0,0.007648,0,120,0,120
0,3.69335,483,0,7,98.38,2,8192,0,0,151,7,0,0,0.007648,0,127,0,127
0,3.40183,445,0,5,94.749,2,8192,0,0,153,5,0,0,0.007648,0,132,0,132
0,1.93155,253,0,4,97.476,2,8192,0,0,76,4,0,0,0.007648,0,136,0,136
0,0.932819,122,0,0,45.016,2,8192,0,0,37,0,0,0,0.007648,0,136,0,136
0,3.4553,452,0,2,56.566,2,8192,0,0,203,2,0,0,0.007648,0,138,0,138
0,3.01964,395,0,3,79.883,2,8192,0,0,155,3,0,0,0.007648,0,141,0,141
0,3.11882,408,0,3,81.533,2,8192,0,0,171,3,0,0,0.007648,0,144,0,144
0,3.17852,416,0,4,83.642,2,8192,0,0,152,4,0,0,0.007648,0,148,0,148
0,3.46345,453,0,3,85.534,2,8192,0,0,193,3,0,0,0.007648,0,151,0,151
0,2.25546,295,0,3,104.472,2,8192,0,0,79,3,0,0,0.007648,0,154,0,154
0,0.855772,112,0,0,42.412,2,8192,0,0,33,0,0,0,0.007648,0,154,0,154
0,3.13378,410,0,1,61.331,2,8192,0,0,197,1,0,0,0.007648,0,155,0,155
0,2.75195,360,0,2,88.479,2,8192,0,0,156,2,0,0,0.007648,0,157,0,157
0,2.95543,387,0,2,86.634,2,8192,0,0,161,2,0,0,0.007648,0,159,0,159
0,3.0499,399,0,3,85.263,2,8192,0,0,151,3,0,0,0.007648,0,162,0,162
0,2.50011,327,0,5,95.968,2,8192,0,0,99,5,0,0,0.007648,0,167,0,167
0,3.12712,409,0,6,86.336,2,8192,0,0,138,6,0,0,0.007648,0,173,0,173
0,3.18578,417,0,6,93.426,2,8192,0,0,115,6,0,0,0.007648,0,179,0,179
0,2.99665,392,0,7,108.101,2,8192,0,0,126,7,0,0,0.007648,0,186,0,186
0,3.23398,423,0,7,98.267,2,8192,0,0,117,7,0,0,0.007648,0,193,0,193
0,3.16444,414,0,5,113.379,2,8192,0,0,128,5,0,0,0.007648,0,198,0,198
0,2.80384,367,0,5,116.297,2,8192,0,0,118,5,0,0,0.007648,0,203,0,203
0,3.15492,413,0,6,119.036,2,8192,0,0,107,6,0,0,0.007648,0,209,0,209
0,2.83672,371,0,9,123.472,2,8192,0,0,93,9,0,0,0.007648,0,218,0,218
0,2.93469,384,0,4,127.072,2,8192,0,0,112,4,0,0,0.007648,0,222,0,222
0,3.2569,426,0,11,106.285,2,8192,0,0,93,11,0,0,0.007648,0,233,0,233
0,3.35632,439,0,4,125.49,2,8192,0,0,131,4,0,0,0.007648,0,237,0,237
0,3.46352,453,0,9,103.511,2,8192,0,0,133,9,0,0,0.007648,0,246,0,246
0,3.25718,426,0,7,118.329,2,8192,0,0,98,7,0,0,0.007648,0,253,0,253
0,2.96672,388,0,5,105.918,2,8192,0,0,94,5,0,0,0.007648,0,258,0,258
0,3.40705,446,0,6,130.275,2,8192,0,0,122,6,0,0,0.007648,0,264,0,264
0,3.28697,430,0,12,125.136,2,8192,0,0,114,12,0,0,0.007648,0,276,0,276
0,3.40151,445,0,11,136.549,2,8192,0,0,107,11,0,0,0.007648,0,287,0,287
0,3.34092,437,0,10,119.757,2,8192,0,0,111,10,0,0,0.007648,0,297,0,297
0,3.1653,414,0,12,137.23,2,8192,0,0,103,12,0,0,0.007648,0,309,0,309
0,3.07168,402,0,8,172.53,2,8192,0,0,99,8,0,0,0.007648,0,317,0,317
0,3.1347,410,0,12,136.742,2,8192,0,0,95,12,0,0,0.007648,0,329,0,329
0,3.53211,462,0,10,143.892,2,8192,0,0,68,10,0,0,0.007648,0,339,0,339
0,3.04288,398,0,6,124.176,2,8192,0,0,55,6,0,0,0.007648,0,345,0,345
0,3.44165,451,0,15,99.314,2,8192,0,0,61,15,0,0,0.007648,0,360,0,360
0,0.298102,39,0,2,99.869,2,8192,0,0,0,2,0,0,0.007648,0,362,0,362
0,2.48402,325,0,3,82.598,2,8192,0,0,100,3,0,0,0.007648,0,365,0,365
0,3.04103,398,0,5,88.673,2,8192,0,0,124,5,0,0,0.007648,0,370,0,370
0,3.24189,424,0,2,117.976,2,8192,0,0,174,2,0,0,0.007648,0,372,0,372
0,3.09684,405,0,8,79.247,2,8192,0,0,136,8,0,0,0.007648,0,380,0,380
0,2.97197,389,0,6,96.423,2,8192,0,0,101,6,0,0,0.007648,0,386,0,386
0,2.92831,383,0,5,82.813,2,8192,0,0,119,5,0,0,0.007648,0,391,0,391
0,3.53136,462,0,3,100.463,2,8192,0,0,189,3,0,0,0.007648,0,394,0,394
0,3.40202,445,0,8,111.218,2,8192,0,0,138,8,0,0,0.007648,0,402,0,402
0,2.91315,381,0,4,103.815,2,8192,0,0,112,4,0,0,0.007648,0,406,0,406
0,3.16197,414,0,9,118.156,2,8192,0,0,92,9,0,0,0.007648,0,415,0,415
0,3.1866,417,0,5,110.197,2,8192,0,0,128,5,0,0,0.007648,0,420,0,420
0,1.85008,242,0,4,114.394,2,8192,0,0,49,4,0,0,0.007648,0,424,0,424
0,1.27626,167,0,0,64.579,2,8192,0,0,57,0,0,0,0.007648,0,424,0,424
0,2.59166,339,0,1,69.418,2,8192,0,0,157,1,0,0,0.007648,0,425,0,425
0,2.9589,387,0,3,87.928,2,8192,0,0,145,3,0,0,0.007648,0,428,0,428
0,2.81248,368,0,4,91.888,2,8192,0,0,123,4,0,0,0.007648,0,432,0,432
0,3.03515,397,0,3,79.292,2,8192,0,0,146,3,0,0,0.007648,0,435,0,435
0,1.19958,157,0,2,94.998,2,8192,0,0,37,2,0,0,0.007648,0,437,0,437
0,1.48841,195,0,0,62.633,2,8192,0,0,79,0,0,0,0.007648,0,437,0,437
0,2.54601,333,0,2,64.54,2,8192,0,0,145,2,0,0,0.007648,0,439,0,439
0,2.98173,390,0,2,64.179,2,8192,0,0,171,2,0,0,0.007648,0,441,0,441
0,2.73705,358,0,3,108.593,2,8192,0,0,132,3,0,0,0.007648,0,444,0,444
0,3.46276,453,0,1,86.984,2,8192,0,0,212,1,0,0,0.007648,0,445,0,445
0,3.13282,410,0,5,81.734,2,8192,0,0,147,5,0,0,0.007648,0,450,0,450
0,2.66827,349,0,6,135.926,2,8192,0,0,111,6,0,0,0.007648,0,456,0,456
0,3.23203,423,0,4,104.686,2,8192,0,0,143,4,0,0,0.007648,0,460,0,460
0,3.06466,401,0,7,119.019,2,8192,0,0,119,7,0,0,0.007648,0,467,0,467
0,3.05663,400,0,8,121.81,2,8192,0,0,120,8,0,0,0.007648,0,475,0,475
0,3.04519,399,0,6,114.514,2,8192,0,0,131,6,0,0,0.007648,0,481,0,481
0,3.2711,428,0,6,104.789,2,8192,0,0,135,6,0,0,0.007648,0,487,0,487
0,3.37856,442,0,4,131.873,2,8192,0,0,150,4,0,0,0.007648,0,491,0,491
0,2.79096,365,0,8,118.417,2,8192,0,0,81,8,0,0,0.007648,0,499,0,499
0,3.80613,498,0,4,130.97,2,8192,0,0,160,4,0,0,0.007648,0,503,0,503
0,3.31817,434,0,9,137.399,2,8192,0,0,148,9,0,0,0.007648,0,512,0,512
0,3.463,453,0,6,69.204,2,8192,0,0,111,6,0,0,0.007648,0,518,0,518
0,3.79991,497,0,4,112.039,2,8192,0,0,186,4,0,0,0.007648,0,522,0,522
0,3.55501,465,0,7,115.662,2,8192,0,0,153,7,0,0,0.007648,0,529,0,529
0,3.96026,518,0,5,143.984,2,8192,0,0,204,5,0,0,0.007648,0,534,0,534
0,2.2934,300,0,9,106.725,2,8192,0,0,42,9,0,0,0.007648,0,543,0,543
0,0.588482,77,0,0,79.693,2,8192,0,0,12,0,0,0,0.007648,0,543,0,543
0,2.73473,358,0,2,96.567,2,8192,0,0,148,2,0,0,0.007648,0,545,0,545
0,3.39074,444,0,2,90.271,2,8192,0,0,187,2,0,0,0.007648,0,547,0,547
0,2.65295,347,0,4,118.15,2,8192,0,0,136,4,0,0,0.007648,0,551,0,551
0,2.84283,372,0,2,117.427,2,8192,0,0,147,2,0,0,0.007648,0,553,0,553
0,2.59165,339,0,5,111.124,2,8192,0,0,98,5,0,0,0.007648,0,558,0,558
0,3.18037,416,0,3,138.449,2,8192,0,0,160,3,0,0,0.007648,0,561,0,561
0,3.40283,445,0,1,96.134,2,8192,0,0,202,1,0,0,0.007648,0,562,0,562
0,3.31068,433,0,10,100.288,2,8192,0,0,133,10,0,0,0.007648,0,572,0,572
0,3.00377,393,0,6,98.463,2,8192,0,0,93,6,0,0,0.007648,0,578,0,578
0,2.96419,388,0,5,128.912,2,8192,0,0,107,5,0,0,0.007648,0,583,0,583
0,3.01836,395,0,8,133.719,2,8192,0,0,110,8,0,0,0.007648,0,591,0,591
0,3.31876,434,0,1,141.279,2,8192,0,0,192,1,0,0,0.007648,0,592,0,592
0,2.96602,388,0,7,112.13,2,8192,0,0,112,7,0,0,0.007648,0,599,0,599
0,0.519558,68,0,1,90.284,2,8192,0,0,6,1,0,0,0.007648,0,600,0,600
0,3.17946,416,0,2,69.856,2,8192,0,0,181,2,0,0,0.007648,0,602,0,602
0,3.30309,432,0,2,67.069,2,8192,0,0,190,2,0,0,0.007648,0,604,0,604
0,3.14228,411,0,6,83.963,2,8192,0,0,129,6,0,0,0.007648,0,610,0,610
0,3.21914,421,0,4,111.428,2,8192,0,0,153,4,0,0,0.007648,0,614,0,614
0,2.97317,389,0,5,91.845,2,8192,0,0,130,5,0,0,0.007648,0,619,0,619
0,3.35659,439,0,8,101.147,2,8192,0,0,149,8,0,0,0.007648,0,627,0,627
0,3.30826,433,0,9,111.449,2,8192,0,0,112,9,0,0,0.007648,0,636,0,636
0,3.11803,408,0,7,64.033,2,8192,0,0,120,7,0,0,0.007648,0,643,0,643
0,3.34796,438,0,6,104.317,2,8192,0,0,133,6,0,0,0.007648,0,649,0,649
0,3.45405,452,0,7,128.509,2,8192,0,0,128,7,0,0,0.007648,0,656,0,656
0,3.09241,405,0,5,111.669,2,8192,0,0,113,5,0,0,0.007648,0,661,0,661
0,3.78345,495,0,6,136.241,2,8192,0,0,139,6,0,0,0.007648,0,667,0,667
0,3.41795,447,0,5,117.013,2,8192,0,0,155,5,0,0,0.007648,0,672,0,672
0,3.21123,420,0,8,137.174,2,8192,0,0,72,8,0,0,0.007648,0,680,0,680
0,3.2919,431,0,8,112.91,2,8192,0,0,96,8,0,0,0.007648,0,688,0,688
0,3.49378,457,0,7,125.793,2,8192,0,0,132,7,0,0,0.007648,0,695,0,695
0,3.05012,399,0,11,127.705,2,8192,0,0,80,11,0,0,0.007648,0,706,0,706
0,2.85224,373,0,4,139.187,2,8192,0,0,85,4,0,0,0.007648,0,710,0,710
0,3.96024,518,0,8,127.74,2,8192,0,0,150,8,0,0,0.007648,0,718,0,718
0,1.24486,163,0,5,130.807,2,8192,0,0,29,5,0,0,0.007648,0,723,0,723
0,1.84101,241,0,0,80.065,2,8192,0,0,91,0,0,0,0.007648,0,723,0,723
0,2.85011,373,0,4,87.766,2,8192,0,0,138,4,0,0,0.007648,0,727,0,727
0,2.89594,379,0,6,80.556,2,8192,0,0,115,6,0,0,0.007648,0,733,0,733
0,2.85116,373,0,6,85.679,2,8192,0,0,108,6,0,0,0.007648,0,739,0,739
0,3.18004,416,0,8,93.649,2,8192,0,0,144,8,0,0,0.007648,0,747,0,747
0,3.18031,416,0,6,96.974,2,8192,0,0,139,6,0,0,0.007648,0,753,0,753
0,2.88175,377,0,4,113.529,2,8192,0,0,114,4,0,0,0.007648,0,757,0,757
0,2.93554,384,0,3,119.046,2,8192,0,0,141,3,0,0,0.007648,0,760,0,760
0,2.71971,356,0,4,100.606,2,8192,0,0,97,4,0,0,0.007648,0,764,0,764
0,3.21863,421,0,6,131.879,2,8192,0,0,130,6,0,0,0.007648,0,770,0,770
0,2.94273,385,0,8,123.539,2,8192,0,0,110,8,0,0,0.007648,0,778,0,778
0,3.2925,431,0,9,119.468,2,8192,0,0,123,9,0,0,0.007648,0,787,0,787
0,3.10125,406,0,7,108.417,2,8192,0,0,122,7,0,0,0.007648,0,794,0,794
0,3.16307,414,0,8,126.708,2,8192,0,0,96,8,0,0,0.007648,0,802,0,802
0,3.19516,419,0,7,127.017,2,8192,0,0,141,7,0,0,0.007648,0,809,0,809
0,1.91918,251,0,7,118.179,2,8192,0,0,48,7,0,0,0.007648,0,816,0,816
0,1.01689,133,0,1,40.051,2,8192,0,0,38,1,0,0,0.007648,0,817,0,817
0,3.18109,416,0,2,61.725,2,8192,0,0,178,2,0,0,0.007648,0,819,0,819
0,3.34183,437,0,3,82.706,2,8192,0,0,175,3,0,0,0.007648,0,822,0,822
0,3.11896,408,0,3,91.942,2,8192,0,0,140,3,0,0,0.007648,0,825,0,825
0,3.26447,427,0,5,112.189,2,8192,0,0,153,5,0,0,0.007648,0,830,0,830
0,3.41723,447,0,4,88.52,2,8192,0,0,151,4,0,0,0.007648,0,834,0,834
0,3.09636,405,0,4,113.194,2,8192,0,0,119,4,0,0,0.007648,0,838,0,838
0,3.07159,402,0,5,97.907,2,8192,0,0,126,5,0,0,0.007648,0,843,0,843
0,3.26412,427,0,7,100.73,2,8192,0,0,110,7,0,0,0.007648,0,850,0,850
0,3.13359,410,0,7,111.629,2,8192,0,0,122,7,0,0,0.007648,0,857,0,857
0,3.3101,433,0,6,104.205,2,8192,0,0,106,6,0,0,0.007648,0,863,0,863
0,3.14991,412,0,8,103.137,2,8192,0,0,120,8,0,0,0.007648,0,871,0,871
0,3.35518,439,0,6,134.072,2,8192,0,0,104,6,0,0,0.007648,0,877,0,877
0,3.33925,437,0,3,131.132,2,8192,0,0,159,3,0,0,0.007648,0,880,0,880
0,3.44004,450,0,6,101.465,2,8192,0,0,112,6,0,0,0.007648,0,886,0,886
0,3.27234,428,0,7,117.203,2,8192,0,0,152,7,0,0,0.007648,0,893,0,893
0,3.1003,406,0,10,150.114,2,8192,0,0,76,10,0,0,0.007648,0,903,0,903
0,3.4014,445,0,8,76.632,2,8192,0,0,78,8,0,0,0.007648,0,911,0,911
0,3.50437,459,0,11,93.316,2,8192,0,0,81,11,0,0,0.007648,0,922,0,922
0,3.60087,471,0,11,133.481,2,8192,0,0,70,11,0,0,0.007648,0,933,0,933
0,3.70395,485,0,7,114.101,2,8192,0,0,137,7,0,0,0.007648,0,940,0,940
0,3.23341,423,0,7,119.872,2,8192,0,0,84,7,0,0,0.007648,0,947,0,947
0,3.36355,440,0,17,94.545,2,8192,0,0,28,17,0,0,0.007648,0,964,0,964
0,3.07161,402,0,7,183.945,2,8192,0,0,90,7,0,0,0.007648,0,971,0,971
0,0.107039,14,0,0,183.945,2,8192,0,0,1,0,0,0,0.007648,0,971,0,971
0,2.18623,286,0,2,97.192,2,8192,0,0,90,2,0,0,0.007648,0,973,0,973
0,2.81371,368,0,4,84.33,2,8192,0,0,129,4,0,0,0.007648,0,977,0,977
0,3.0639,401,0,4,83.2,2,8192,0,0,144,4,0,0,0.007648,0,981,0,981
0,2.2471,294,0,3,99.536,2,8192,0,0,80,3,0,0,0.007648,0,984,0,984
0,2.85791,374,0,7,71.634,2,8192,0,0,107,7,0,0,0.007648,0,991,0,991
0,3.31819,434,0,4,95.925,2,8192,0,0,162,4,0,0,0.007648,0,995,0,995
0,3.53687,463,0,4,99.762,2,8192,0,0,192,4,0,0,0.007648,0,999,0,999
0,6.82758,893,0,4,123.785,2,8192,0,0,179,4,0,0,0.007648,0,1003,0,1003
0,3.393,444,0,6,123.037,2,8192,0,0,142,6,0,0,0.007648,0,1009,0,1009
0,0.626935,82,0,3,123.5,2,8192,0,0,4,3,0,0,0.007648,0,1012,0,1012
0,2.06372,270,0,1,67.072,2,8192,0,0,96,1,0,0,0.007648,0,1013,0,1013
0,2.2689,297,0,1,97.8,2,8192,0,0,137,1,0,0,0.007648,0,1014,0,1014
0,3.02549,396,0,5,62.173,2,8192,0,0,137,5,0,0,0.007648,0,1019,0,1019
0,2.68938,353,0,4,84.723,2,8192,0,0,121,4,0,0,0.007648,0,1023,0,1023
0,3.11195,407,0,4,93.846,2,8192,0,0,152,4,0,0,0.007648,0,1027,0,1027
0,3.27283,428,0,5,81.932,2,8192,0,0,138,5,0,0,0.007648,0,1032,0,1032
0,2.87507,376,0,6,109.326,2,8192,0,0,119,6,0,0,0.007648,0,1038,0,1038
0,3.18828,417,0,5,102.833,2,8192,0,0,121,5,0,0,0.007648,0,1043,0,1043
0,3.03529,397,0,6,113.26,2,8192,0,0,99,6,0,0,0.007648,0,1049,0,1049
0,2.88226,377,0,5,125.821,2,8192,0,0,113,5,0,0,0.007648,0,1054,0,1054
0,2.77868,364,0,7,123.49,2,8192,0,0,106,7,0,0,0.007648,0,1061,0,1061
0,3.15787,413,0,8,114.717,2,8192,0,0,124,8,0,0,0.007648,0,1069,0,1069
0,3.34812,438,0,9,101.533,2,8192,0,0,79,9,0,0,0.007648,0,1078,0,1078
0,2.98711,391,0,9,124.296,2,8192,0,0,98,9,0,0,0.007648,0,1087,0,1087
0,3.24091,424,0,7,132.85,2,8192,0,0,126,7,0,0,0.007648,0,1094,0,1094
0,2.95888,387,0,6,64.556,2,8192,0,0,90,6,0,0,0.007648,0,1100,0,1100
0,2.86684,375,0,4,92.643,2,8192,0,0,126,4,0,0,0.007648,0,1104,0,1104
0,3.27096,428,0,6,132.853,2,8192,0,0,119,6,0,0,0.007648,0,1110,0,1110
0,3.27937,429,0,7,118.203,2,8192,0,0,116,7,0,0,0.007648,0,1117,0,1117
0,3.24172,424,0,8,142.409,2,8192,0,0,97,8,0,0,0.007648,0,1125,0,1125
0,3.30996,433,0,6,140.492,2,8192,0,0,99,6,0,0,0.007648,0,1131,0,1131
0,3.0815,403,0,10,137.615,2,8192,0,0,73,10,0,0,0.007648,0,1141,0,1141
0,3.43258,449,0,5,126.662,2,8192,0,0,99,5,0,0,0.007648,0,1146,0,1146
0,2.94107,385,0,7,127.407,2,8192,0,0,80,7,0,0,0.007648,0,1153,0,1153
0,3.03544,397,0,8,138.858,2,8192,0,0,88,8,0,0,0.007648,0,1161,0,1161
0,3.43946,450,0,5,134.65,2,8192,0,0,118,5,0,0,0.007648,0,1166,0,1166
0,3.01255,394,0,11,155.766,2,8192,0,0,81,11,0,0,0.007648,0,1177,0,1177
0,3.08879,404,0,9,128.567,2,8192,0,0,70,9,0,0,0.007648,0,1186,0,1186
0,2.95639,387,0,5,124.354,2,8192,0,0,87,5,0,0,0.007648,0,1191,0,1191
0,0.619318,81,0,1,150.92,2,8192,0,0,0,1,0,0,0.007648,0,1192,0,1192
0,2.01066,263,0,2,88.015,2,8192,0,0,90,2,0,0,0.007648,0,1194,0,1194
0,2.73692,358,0,3,63.187,2,8192,0,0,126,3,0,0,0.007648,0,1197,0,1197
0,2.66831,349,0,2,85.552,2,8192,0,0,140,2,0,0,0.007648,0,1199,0,1199
0,3.15797,413,0,7,105.895,2,8192,0,0,121,7,0,0,0.007648,0,1206,0,1206
0,2.89008,378,0,5,112.689,2,8192,0,0,122,5,0,0,0.007648,0,1211,0,1211
0,3.17801,416,0,7,117.998,2,8192,0,0,109,7,0,0,0.007648,0,1218,0,1218
0,2.9813,391,0,4,99.291,2,8192,0,0,122,4,0,0,0.007648,0,1222,0,1222
0,0.259811,34,0,0,99.291,2,8192,0,0,1,0,0,0,0.007648,0,1222,0,1222
0,2.5367,332,0,1,59.563,2,8192,0,0,148,1,0,0,0.007648,0,1223,0,1223
0,3.15559,413,0,2,74.333,2,8192,0,0,199,2,0,0,0.007648,0,1225,0,1225
0,2.60716,342,0,3,80.467,2,8192,0,0,125,3,0,0,0.007648,0,1228,0,1228
0,2.84357,372,0,3,96.065,2,8192,0,0,150,3,0,0,0.007648,0,1231,0,1231
0,3.16511,414,0,3,90.066,2,8192,0,0,150,3,0,0,0.007648,0,1234,0,1234
0,2.81304,368,0,6,135.002,2,8192,0,0,109,6,0,0,0.007648,0,1240,0,1240
0,3.38287,449,0,6,100.311,2,8192,0,0,133,6,0,0,0.007648,0,1246,0,1246
0,3.15781,413,0,7,107.903,2,8192,0,0,136,7,0,0,0.007648,0,1253,0,1253
0,3.11862,408,0,8,121.198,2,8192,0,0,123,8,0,0,0.007648,0,1261,0,1261
0,2.08725,273,0,5,132.145,2,8192,0,0,84,5,0,0,0.007648,0,1266,0,1266
0,0.687604,90,0,0,75.61,2,8192,0,0,19,0,0,0,0.007648,0,1266,0,1266
0,2.73639,358,0,2,76.003,2,8192,0,0,164,2,0,0,0.007648,0,1268,0,1268
0,2.82427,373,0,5,69.494,2,8192,0,0,123,5,0,0,0.007648,0,1273,0,1273
0,2.49134,326,0,4,93.721,2,8192,0,0,114,4,0,0,0.007648,0,1277,0,1277
0,2.99536,392,0,4,85.499,2,8192,0,0,117,4,0,0,0.007648,0,1281,0,1281
0,3.04962,399,0,3,77.378,2,8192,0,0,137,3,0,0,0.007648,0,1284,0,1284
0,3.06564,401,0,5,92.924,2,8192,0,0,138,5,0,0,0.007648,0,1289,0,1289
0,2.56866,336,0,3,101.33,2,8192,0,0,127,3,0,0,0.007648,0,1292,0,1292
0,2.91258,381,0,9,104.16,2,8192,0,0,100,9,0,0,0.007648,0,1301,0,1301
0,2.80565,367,0,5,103.184,2,8192,0,0,122,5,0,0,0.007648,0,1306,0,1306
0,3.13978,411,0,4,89.248,2,8192,0,0,134,4,0,0,0.007648,0,1310,0,1310
0,3.33366,436,0,8,109.854,2,8192,0,0,132,8,0,0,0.007648,0,1318,0,1318
0,3.08787,404,0,5,134.738,2,8192,0,0,116,5,0,0,0.007648,0,1323,0,1323
0,3.21063,420,0,5,97.531,2,8192,0,0,137,5,0,0,0.007648,0,1328,0,1328
0,3.43305,449,0,8,101.011,2,8192,0,0,121,8,0,0,0.007648,0,1336,0,1336
0,3.23328,423,0,7,121.95,2,8192,0,0,157,7,0,0,0.007648,0,1343,0,1343
0,2.751,360,0,8,135.328,2,8192,0,0,88,8,0,0,0.007648,0,1351,0,1351
0,3.02674,396,0,5,114.551,2,8192,0,0,104,5,0,0,0.007648,0,1356,0,1356
0,1.77374,232,0,2,148.251,2,8192,0,0,52,2,0,0,0.007648,0,1358,0,1358
0,1.36032,178,0,0,55.405,2,8192,0,0,62,0,0,0,0.007648,0,1358,0,1358
0,3.2407,424,0,5,85.492,2,8192,0,0,164,5,0,0,0.007648,0,1363,0,1363
0,2.79851,366,0,4,89.164,2,8192,0,0,115,4,0,0,0.007648,0,1367,0,1367
0,2.81885,369,0,6,105.789,2,8192,0,0,127,6,0,0,0.007648,0,1373,0,1373
0,1.74188,228,0,4,94.52,2,8192,0,0,73,4,0,0,0.007648,0,1377,0,1377
0,1.17557,154,0,0,44.334,2,8192,0,0,58,0,0,0,0.007648,0,1377,0,1377
0,2.69718,353,0,3,64.794,2,8192,0,0,146,3,0,0,0.007648,0,1380,0,1380
0,2.74326,359,0,2,85.538,2,8192,0,0,162,2,0,0,0.007648,0,1382,0,1382
0,3.03547,397,0,3,73.997,2,8192,0,0,152,3,0,0,0.007648,0,1385,0,1385
0,2.78132,364,0,3,88.724,2,8192,0,0,152,3,0,0,0.007648,0,1388,0,1388
0,3.05046,399,0,4,96.329,2,8192,0,0,127,4,0,0,0.007648,0,1392,0,1392
0,0.0534997,7,0,0,95.284,2,8192,0,0,0,0,0,0,0.007648,0,1392,0,1392
0,1.97113,258,0,0,69.332,2,8192,0,0,113,0,0,0,0.007648,0,1392,0,1392
0,2.78241,364,0,2,68.425,2,8192,0,0,164,2,0,0,0.007648,0,1394,0,1394
0,3.01104,394,0,2,74.029,2,8192,0,0,171,2,0,0,0.007648,0,1396,0,1396
0,2.96588,388,0,4,84.886,2,8192,0,0,142,4,0,0,0.007648,0,1400,0,1400
0,2.69044,352,0,4,68.057,2,8192,0,0,117,4,0,0,0.007648,0,1404,0,1404
0,2.75087,360,0,7,104.667,2,8192,0,0,123,7,0,0,0.007648,0,1411,0,1411
0,3.15048,412,0,6,85.847,2,8192,0,0,171,6,0,0,0.007648,0,1417,0,1417
0,2.70597,354,0,4,102.676,2,8192,0,0,88,4,0,0,0.007648,0,1421,0,1421
0,3.44047,450,0,9,95.216,2,8192,0,0,160,9,0,0,0.007648,0,1430,0,1430
0,3.09692,405,0,8,94.332,2,8192,0,0,130,8,0,0,0.007648,0,1438,0,1438
0,3.02781,396,0,6,119.352,2,8192,0,0,96,6,0,0,0.007648,0,1444,0,1444
0,3.07065,402,0,5,124.42,2,8192,0,0,142,5,0,0,0.007648,0,1449,0,1449
0,3.09637,405,0,8,101.268,2,8192,0,0,84,8,0,0,0.007648,0,1457,0,1457
0,2.94201,385,0,5,131.426,2,8192,0,0,123,5,0,0,0.007648,0,1462,0,1462
0,0.382203,50,0,1,148.983,2,8192,0,0,0,1,0,0,0.007648,0,1463,0,1463
0,2.23923,294,0,1,62.535,2,8192,0,0,111,1,0,0,0.007648,0,1464,0,1464
0,2.78243,364,0,3,69.874,2,8192,0,0,140,3,0,0,0.007648,0,1467,0,1467
0,2.8766,378,0,5,69.586,2,8192,0,0,123,5,0,0,0.007648,0,1472,0,1472
0,2.56137,335,0,5,80.993,2,8192,0,0,105,5,0,0,0.007648,0,1477,0,1477
0,3.10418,406,0,5,70.234,2,8192,0,0,134,5,0,0,0.007648,0,1482,0,1482
0,2.79794,366,0,4,102.241,2,8192,0,0,123,4,0,0,0.007648,0,1486,0,1486
0,3.21306,422,0,5,72.221,2,8192,0,0,125,5,0,0,0.007648,0,1491,0,1491
0,3.18577,417,0,6,126.967,2,8192,0,0,118,6,0,0,0.007648,0,1497,0,1497
0,2.95592,387,0,7,102.027,2,8192,0,0,118,7,0,0,0.007648,0,1504,0,1504
0,2.87464,376,0,6,104.824,2,8192,0,0,113,6,0,0,0.007648,0,1510,0,1510
0,2.95919,387,0,3,125.203,2,8192,0,0,118,3,0,0,0.007648,0,1513,0,1513
0,3.24787,425,0,5,99.042,2,8192,0,0,162,5,0,0,0.007648,0,1518,0,1518
0,3.16385,414,0,11,129.171,2,8192,0,0,86,11,0,0,0.007648,0,1529,0,1529
0,2.89652,379,0,5,135.376,2,8192,0,0,102,5,0,0,0.007648,0,1534,0,1534
0,3.2492,425,0,7,90.631,2,8192,0,0,127,7,0,0,0.007648,0,1541,0,1541
0,2.99675,392,0,7,136.276,2,8192,0,0,106,7,0,0,0.007648,0,1548,0,1548
0,3.62075,474,0,5,123.829,2,8192,0,0,139,5,0,0,0.007648,0,1553,0,1553
0,3.25618,426,0,10,150.164,2,8192,0,0,128,10,0,0,0.007648,0,1563,0,1563
0,3.14197,411,0,6,147.779,2,8192,0,0,119,6,0,0,0.007648,0,1569,0,1569
0,2.8045,367,0,10,149.519,2,8192,0,0,95,10,0,0,0.007648,0,1579,0,1579
0,1.78093,233,0,4,119.163,2,8192,0,0,36,4,0,0,0.007648,0,1583,0,1583
0,1.28413,168,0,0,107.071,2,8192,0,0,61,0,0,0,0.007648,0,1583,0,1583
0,2.73705,358,0,3,78.881,2,8192,0,0,147,3,0,0,0.007648,0,1586,0,1586
0,2.81383,368,0,3,120.807,2,8192,0,0,142,3,0,0,0.007648,0,1589,0,1589
0,3.08136,403,0,1,98.001,2,8192,0,0,196,1,0,0,0.007648,0,1590,0,1590
0,2.91334,381,0,4,94.915,2,8192,0,0,126,4,0,0,0.007648,0,1594,0,1594
0,3.27261,428,0,2,101.541,2,8192,0,0,172,2,0,0,0.007648,0,1596,0,1596
0,3.20375,419,0,8,103.388,2,8192,0,0,142,8,0,0,0.007648,0,1604,0,1604
0,3.30256,432,0,4,111.053,2,8192,0,0,120,4,0,0,0.007648,0,1608,0,1608
0,3.10198,406,0,7,124.415,2,8192,0,0,107,7,0,0,0.007648,0,1615,0,1615
0,3.05052,399,0,8,129.141,2,8192,0,0,106,8,0,0,0.007648,0,1623,0,1623
0,3.12953,410,0,7,140.092,2,8192,0,0,106,7,0,0,0.007648,0,1630,0,1630
0,3.05787,400,0,7,132.493,2,8192,0,0,123,7,0,0,0.007648,0,1637,0,1637
0,3.24972,425,0,9,71.521,2,8192,0,0,116,9,0,0,0.007648,0,1646,0,1646
0,2.78972,365,0,6,136.908,2,8192,0,0,89,6,0,0,0.007648,0,1652,0,1652
0,3.11555,408,0,10,129.692,2,8192,0,0,109,10,0,0,0.007648,0,1662,0,1662
0,3.05054,399,0,9,134.682,2,8192,0,0,120,9,0,0,0.007648,0,1671,0,1671
0,3.06577,401,0,10,123.925,2,8192,0,0,94,10,0,0,0.007648,0,1681,0,1681
0,3.29527,431,0,10,158.081,2,8192,0,0,92,10,0,0,0.007648,0,1691,0,1691
0,3.17835,416,0,12,121.288,2,8192,0,0,73,12,0,0,0.007648,0,1703,0,1703
0,3.08002,403,0,8,119.831,2,8192,0,0,65,8,0,0,0.007648,0,1711,0,1711
0,3.00452,393,0,8,152.754,2,8192,0,0,103,8,0,0,0.007648,0,1719,0,1719
0,3.0269,396,0,8,126.14,2,8192,0,0,98,8,0,0,0.007648,0,1727,0,1727
0,1.55185,203,0,5,173.02,2,8192,0,0,35,5,0,0,0.007648,0,1732,0,1732
0,1.45199,190,0,0,93.96,2,8192,0,0,71,0,0,0,0.007648,0,1732,0,1732
0,2.61304,342,0,6,86.58,2,8192,0,0,97,6,0,0,0.007648,0,1738,0,1738
0,3.0814,403,0,4,91.992,2,8192,0,0,168,4,0,0,0.007648,0,1742,0,1742
0,3.13444,410,0,6,98.504,2,8192,0,0,116,6,0,0,0.007648,0,1748,0,1748
0,2.40762,315,0,3,130.8,2,8192,0,0,96,3,0,0,0.007648,0,1751,0,1751
0,2.84263,372,0,6,109.818,2,8192,0,0,126,6,0,0,0.007648,0,1757,0,1757
0,2.93584,384,0,6,80.572,2,8192,0,0,120,6,0,0,0.007648,0,1763,0,1763
0,2.92579,383,0,4,114.085,2,8192,0,0,120,4,0,0,0.007648,0,1767,0,1767
0,3.03433,397,0,7,131.953,2,8192,0,0,131,7,0,0,0.007648,0,1774,0,1774
0,3.2268,422,0,8,112.736,2,8192,0,0,122,8,0,0,0.007648,0,1782,0,1782
0,3.02502,396,0,6,93.552,2,8192,0,0,116,6,0,0,0.007648,0,1788,0,1788
0,2.97114,389,0,8,129.143,2,8192,0,0,92,8,0,0,0.007648,0,1796,0,1796
0,2.37006,310,0,6,115.618,2,8192,0,0,79,6,0,0,0.007648,0,1802,0,1802
0,0.665137,87,0,0,53.999,2,8192,0,0,18,0,0,0,0.007648,0,1802,0,1802
0,2.91331,381,0,1,91.248,2,8192,0,0,194,1,0,0,0.007648,0,1803,0,1803
0,3.07329,402,0,3,73.944,2,8192,0,0,159,3,0,0,0.007648,0,1806,0,1806
0,1.75748,230,0,3,86.19,2,8192,0,0,77,3,0,0,0.007648,0,1809,0,1809
0,1.15441,151,0,0,47.57,2,8192,0,0,60,0,0,0,0.007648,0,1809,0,1809
0,2.62914,344,0,1,77.21,2,8192,0,0,179,1,0,0,0.007648,0,1810,0,1810
0,2.38556,312,0,3,74.198,2,8192,0,0,112,3,0,0,0.007648,0,1813,0,1813
0,2.95973,390,0,4,88.414,2,8192,0,0,153,4,0,0,0.007648,0,1817,0,1817
0,2.99689,392,0,2,84.581,2,8192,0,0,162,2,0,0,0.007648,0,1819,0,1819
0,3.1196,408,0,2,102.92,2,8192,0,0,175,2,0,0,0.007648,0,1821,0,1821
0,2.62204,343,0,5,99.443,2,8192,0,0,90,5,0,0,0.007648,0,1826,0,1826
0,3.32553,435,0,1,91.035,2,8192,0,0,203,1,0,0,0.007648,0,1827,0,1827
0,2.95891,387,0,4,97.978,2,8192,0,0,126,4,0,0,0.007648,0,1831,0,1831
0,3.07298,402,0,7,112.769,2,8192,0,0,117,7,0,0,0.007648,0,1838,0,1838
0,2.97204,389,0,5,106.2,2,8192,0,0,118,5,0,0,0.007648,0,1843,0,1843
0,2.97348,389,0,9,125.767,2,8192,0,0,118,9,0,0,0.007648,0,1852,0,1852
0,2.89,378,0,9,120.512,2,8192,0,0,110,9,0,0,0.007648,0,1861,0,1861
0,1.1238,147,0,4,156.917,2,8192,0,0,28,4,0,0,0.007648,0,1865,0,1865
0,1.23051,161,0,1,62.151,2,8192,0,0,52,1,0,0,0.007648,0,1866,0,1866
0,2.889,378,0,3,88.031,2,8192,0,0,142,3,0,0,0.007648,0,1869,0,1869
0,3.18091,416,0,2,87.965,2,8192,0,0,183,2,0,0,0.007648,0,1871,0,1871
0,2.9432,385,0,3,108.579,2,8192,0,0,149,3,0,0,0.007648,0,1874,0,1874
0,2.59183,339,0,4,94.758,2,8192,0,0,110,4,0,0,0.007648,0,1878,0,1878
0,2.89722,379,0,6,118.296,2,8192,0,0,117,6,0,0,0.007648,0,1884,0,1884
0,1.54441,202,0,2,113.815,2,8192,0,0,53,2,0,0,0.007648,0,1886,0,1886
0,1.1387,149,0,0,50.871,2,8192,0,0,53,0,0,0,0.007648,0,1886,0,1886
0,2.81134,368,0,1,56.195,2,8192,0,0,177,1,0,0,0.007648,0,1887,0,1887
0,2.84313,372,0,5,68.818,2,8192,0,0,148,5,0,0,0.007648,0,1892,0,1892
0,2.68377,351,0,4,97.281,2,8192,0,0,127,4,0,0,0.007648,0,1896,0,1896
0,3.07174,402,0,3,84.121,2,8192,0,0,153,3,0,0,0.007648,0,1899,0,1899
0,3.23915,424,0,3,87.738,2,8192,0,0,154,3,0,0,0.007648,0,1902,0,1902
0,3.06232,401,0,7,87.743,2,8192,0,0,140,7,0,0,0.007648,0,1909,0,1909
0,3.06628,401,0,10,110.421,2,8192,0,0,112,10,0,0,0.007648,0,1919,0,1919
0,2.47603,324,0,3,120.651,2,8192,0,0,90,3,0,0,0.007648,0,1922,0,1922
0,2.80553,367,0,3,112.02,2,8192,0,0,137,3,0,0,0.007648,0,1925,0,1925
0,2.95617,387,0,5,107.692,2,8192,0,0,100,5,0,0,0.007648,0,1930,0,1930
0,2.91172,381,0,6,106.777,2,8192,0,0,105,6,0,0,0.007648,0,1936,0,1936
0,2.76798,362,0,5,119.845,2,8192,0,0,101,5,0,0,0.007648,0,1941,0,1941
0,3.08712,404,0,4,113.425,2,8192,0,0,121,4,0,0,0.007648,0,1945,0,1945
0,2.73257,358,0,6,120.958,2,8192,0,0,96,6,0,0,0.007648,0,1951,0,1951
0,2.96669,388,0,5,138.321,2,8192,0,0,105,5,0,0,0.007648,0,1956,0,1956
0,2.58634,339,0,8,147.469,2,8192,0,0,76,8,0,0,0.007648,0,1964,0,1964
0,0.550197,72,0,0,125.88,2,8192,0,0,4,0,0,0,0.007648,0,1964,0,1964
0,2.53808,332,0,2,82.242,2,8192,0,0,140,2,0,0,0.007648,0,1966,0,1966
0,3.0119,394,0,4,97.245,2,8192,0,0,142,4,0,0,0.007648,0,1970,0,1970
0,2.56855,336,0,3,84.558,2,8192,0,0,120,3,0,0,0.007648,0,1973,0,1973
0,2.80521,367,0,4,102.698,2,8192,0,0,135,4,0,0,0.007648,0,1977,0,1977
0,2.66621,349,0,6,81.925,2,8192,0,0,92,6,0,0,0.007648,0,1983,0,1983
0,3.03342,397,0,6,107.602,2,8192,0,0,141,6,0,0,0.007648,0,1989,0,1989
0,2.97285,389,0,5,106.991,2,8192,0,0,127,5,0,0,0.007648,0,1994,0,1994
0,2.74211,359,0,4,136.076,2,8192,0,0,116,4,0,0,0.007648,0,1998,0,1998
0,2.91188,381,0,6,116.84,2,8192,0,0,134,6,0,0,0.007648,0,2004,0,2004
0,2.94319,385,0,6,106.107,2,8192,0,0,116,6,0,0,0.007648,0,2010,0,2010
0,2.93441,384,0,7,126.372,2,8192,0,0,111,7,0,0,0.007648,0,2017,0,2017
0,2.23268,292,0,4,145.308,2,8192,0,0,64,4,0,0,0.007648,0,2021,0,2021
0,0.932786,122,0,0,49.145,2,8192,0,0,34,0,0,0,0.007648,0,2021,0,2021
0,2.72954,357,0,2,71.195,2,8192,0,0,154,2,0,0,0.007648,0,2023,0,2023
0,2.05644,269,0,3,93.989,2,8192,0,0,88,3,0,0,0.007648,0,2026,0,2026
0,0.810301,106,0,0,48.35,2,8192,0,0,37,0,0,0,0.007648,0,2026,0,2026
0,3.1116,407,0,1,53.325,2,8192,0,0,200,1,0,0,0.007648,0,2027,0,2027
0,3.13333,410,0,2,80.287,2,8192,0,0,185,2,0,0,0.007648,0,2029,0,2029
0,3.08644,404,0,4,77.047,2,8192,0,0,156,4,0,0,0.007648,0,2033,0,2033
0,2.9558,387,0,3,80.577,2,8192,0,0,148,3,0,0,0.007648,0,2036,0,2036
0,2.91456,382,0,4,90.198,2,8192,0,0,133,4,0,0,0.007648,0,2040,0,2040
0,2.97414,389,0,3,101.889,2,8192,0,0,141,3,0,0,0.007648,0,2043,0,2043
0,3.1567,413,0,6,101.229,2,8192,0,0,137,6,0,0,0.007648,0,2049,0,2049
0,2.94395,385,0,4,134.757,2,8192,0,0,155,4,0,0,0.007648,0,2053,0,2053
0,2.76625,362,0,6,121.06,2,8192,0,0,87,6,0,0,0.007648,0,2059,0,2059
0,0.366946,48,0,0,121.06,2,8192,0,0,1,0,0,0,0.007648,0,2059,0,2059
0,2.82033,369,0,2,56.705,2,8192,0,0,162,2,0,0,0.007648,0,2061,0,2061
0,2.87377,376,0,6,71.172,2,8192,0,0,139,6,0,0,0.007648,0,2067,0,2067
0,3.14254,411,0,5,76.193,2,8192,0,0,160,5,0,0,0.007648,0,2072,0,2072
0,2.53672,332,0,3,83.067,2,8192,0,0,105,3,0,0,0.007648,0,2075,0,2075
0,2.93592,384,0,6,84.371,2,8192,0,0,135,6,0,0,0.007648,0,2081,0,2081
0,2.88986,378,0,7,96.592,2,8192,0,0,132,7,0,0,0.007648,0,2088,0,2088
0,2.98871,391,0,6,98.897,2,8192,0,0,108,6,0,0,0.007648,0,2094,0,2094
0,3.06286,401,0,4,107.588,2,8192,0,0,157,4,0,0,0.007648,0,2098,0,2098
0,2.95083,386,0,3,128.372,2,8192,0,0,99,3,0,0,0.007648,0,2101,0,2101
0,3.18025,416,0,4,124.109,2,8192,0,0,127,4,0,0,0.007648,0,2105,0,2105
0,2.82851,370,0,5,141.144,2,8192,0,0,99,5,0,0,0.007648,0,2110,0,2110
0,2.91198,381,0,9,142.074,2,8192,0,0,121,9,0,0,0.007648,0,2119,0,2119
0,3.08117,403,0,4,95.016,2,8192,0,0,131,4,0,0,0.007648,0,2123,0,2123
0,2.99066,392,0,8,158.95,2,8192,0,0,121,8,0,0,0.007648,0,2131,0,2131
0,2.91919,382,0,8,148.4,2,8192,0,0,94,8,0,0,0.007648,0,2139,0,2139
0,2.9249,383,0,6,142.273,2,8192,0,0,105,6,0,0,0.007648,0,2145,0,2145
0,3.14979,412,0,8,120.908,2,8192,0,0,113,8,0,0,0.007648,0,2153,0,2153
0,2.89767,379,0,7,116.862,2,8192,0,0,96,7,0,0,0.007648,0,2160,0,2160
0,2.8137,368,0,10,146.521,2,8192,0,0,66,10,0,0,0.007648,0,2170,0,2170
0,3.3105,433,0,6,119.667,2,8192,0,0,107,6,0,0,0.007648,0,2176,0,2176
0,3.20356,419,0,6,137.322,2,8192,0,0,115,6,0,0,0.007648,0,2182,0,2182
0,3.1338,410,0,6,173.925,2,8192,0,0,114,6,0,0,0.007648,0,2188,0,2188
0,3.01971,395,0,11,107.332,2,8192,0,0,70,11,0,0,0.007648,0,2199,0,2199
0,0.0305652,4,0,0,107.332,2,8192,0,0,0,0,0,0,0.007648,0,2199,0,2199
0,2.51394,329,0,4,70.516,2,8192,0,0,104,4,0,0,0.007648,0,2203,0,2203
0,2.56891,336,0,2,82.807,2,8192,0,0,134,2,0,0,0.007648,0,2205,0,2205
0,1.26838,166,0,2,104.915,2,8192,0,0,46,2,0,0,0.007648,0,2207,0,2207
0,1.40643,184,0,0,43.768,2,8192,0,0,73,0,0,0,0.007648,0,2207,0,2207
0,2.64149,346,0,1,76.556,2,8192,0,0,167,1,0,0,0.007648,0,2208,0,2208
0,2.90951,381,0,3,75.505,2,8192,0,0,166,3,0,0,0.007648,0,2211,0,2211
0,2.97404,389,0,3,71.384,2,8192,0,0,149,3,0,0,0.007648,0,2214,0,2214
0,3.03526,397,0,3,100.276,2,8192,0,0,152,3,0,0,0.007648,0,2217,0,2217
0,2.83656,371,0,8,101.222,2,8192,0,0,133,8,0,0,0.007648,0,2225,0,2225
0,2.91832,382,0,7,85.583,2,8192,0,0,130,7,0,0,0.007648,0,2232,0,2232
0,2.82108,369,0,4,103.138,2,8192,0,0,115,4,0,0,0.007648,0,2236,0,2236
0,2.59178,339,0,5,124.488,2,8192,0,0,88,5,0,0,0.007648,0,2241,0,2241
0,2.79026,365,0,4,109.442,2,8192,0,0,103,4,0,0,0.007648,0,2245,0,2245
0,2.77434,363,0,5,109.708,2,8192,0,0,105,5,0,0,0.007648,0,2250,0,2250
0,2.7264,357,0,6,133.976,2,8192,0,0,86,6,0,0,0.007648,0,2256,0,2256
0,2.79808,366,0,7,107.536,2,8192,0,0,85,7,0,0,0.007648,0,2263,0,2263
0,2.91257,381,0,6,108.821,2,8192,0,0,99,6,0,0,0.007648,0,2269,0,2269
0,3.00311,393,0,7,115.291,2,8192,0,0,110,7,0,0,0.007648,0,2276,0,2276
0,3.0889,404,0,7,129.555,2,8192,0,0,114,7,0,0,0.007648,0,2283,0,2283
0,2.88292,377,0,7,118.862,2,8192,0,0,102,7,0,0,0.007648,0,2290,0,2290
0,3.19603,418,0,8,114.918,2,8192,0,0,108,8,0,0,0.007648,0,2298,0,2298
0,3.07134,402,0,7,117.953,2,8192,0,0,71,7,0,0,0.007648,0,2305,0,2305
0,3.27173,428,0,6,144.62,2,8192,0,0,102,6,0,0,0.007648,0,2311,0,2311
0,2.8195,369,0,6,128.682,2,8192,0,0,93,6,0,0,0.007648,0,2317,0,2317
0,2.79004,365,0,3,142.087,2,8192,0,0,93,3,0,0,0.007648,0,2320,0,2320
0,2.94237,386,0,6,130.534,2,8192,0,0,64,6,0,0,0.007648,0,2326,0,2326
0,3.18806,417,0,8,163.686,2,8192,0,0,76,8,0,0,0.007648,0,2334,0,2334
0,2.82149,369,0,10,163.319,2,8192,0,0,86,10,0,0,0.007648,0,2344,0,2344
0,0.519924,68,0,1,134.504,2,8192,0,0,2,1,0,0,0.007648,0,2345,0,2345
0,2.17144,284,0,2,87.488,2,8192,0,0,88,2,0,0,0.007648,0,2347,0,2347
0,2.75961,361,0,3,102.256,2,8192,0,0,148,3,0,0,0.007648,0,2350,0,2350
0,2.20086,288,0,5,87.373,2,8192,0,0,103,5,0,0,0.007648,0,2355,0,2355
0,0.458454,60,0,1,59.566,2,8192,0,0,9,1,0,0,0.007648,0,2356,0,2356
0,2.21649,290,0,0,68.386,2,8192,0,0,151,0,0,0,0.007648,0,2356,0,2356
0,2.85023,373,0,2,72.842,2,8192,0,0,163,2,0,0,0.007648,0,2358,0,2358
0,2.66112,348,0,4,73.062,2,8192,0,0,135,4,0,0,0.007648,0,2362,0,2362
0,2.7824,364,0,5,71.775,2,8192,0,0,134,5,0,0,0.007648,0,2367,0,2367
0,3.20239,419,0,5,87.658,2,8192,0,0,138,5,0,0,0.007648,0,2372,0,2372
0,2.61258,342,0,4,86.128,2,8192,0,0,117,4,0,0,0.007648,0,2376,0,2376
0,3.04011,398,0,6,84.036,2,8192,0,0,124,6,0,0,0.007648,0,2382,0,2382
0,2.87486,376,0,6,109.935,2,8192,0,0,109,6,0,0,0.007648,0,2388,0,2388
0,2.76582,362,0,5,102.937,2,8192,0,0,123,5,0,0,0.007648,0,2393,0,2393
0,2.98098,390,0,6,110.329,2,8192,0,0,123,6,0,0,0.007648,0,2399,0,2399
0,2.65187,347,0,3,104.502,2,8192,0,0,105,3,0,0,0.007648,0,2402,0,2402
0,0.451092,59,0,0,111.792,2,8192,0,0,3,0,0,0,0.007648,0,2402,0,2402
0,2.43582,319,0,1,84.067,2,8192,0,0,156,1,0,0,0.007648,0,2403,0,2403
0,2.80986,368,0,3,63.066,2,8192,0,0,152,3,0,0,0.007648,0,2406,0,2406
0,2.56,335,0,4,79.289,2,8192,0,0,110,4,0,0,0.007648,0,2410,0,2410
0,2.7986,366,0,6,92.301,2,8192,0,0,125,6,0,0,0.007648,0,2416,0,2416
0,2.93516,384,0,4,73.197,2,8192,0,0,136,4,0,0,0.007648,0,2420,0,2420
0,2.90491,380,0,7,87.58,2,8192,0,0,125,7,0,0,0.007648,0,2427,0,2427
0,2.96617,388,0,6,86.024,2,8192,0,0,136,6,0,0,0.007648,0,2433,0,2433
0,3.14207,411,0,4,117.202,2,8192,0,0,137,4,0,0,0.007648,0,2437,0,2437
0,3.10322,406,0,7,107.233,2,8192,0,0,105,7,0,0,0.007648,0,2444,0,2444
0,3.53988,463,0,2,108.22,2,8192,0,0,184,2,0,0,0.007648,0,2446,0,2446
0,1.05481,138,0,2,144.428,2,8192,0,0,41,2,0,0,0.007648,0,2448,0,2448
0,1.74234,228,0,0,72.16,2,8192,0,0,89,0,0,0,0.007648,0,2448,0,2448
0,3.22304,422,0,0,63.366,2,8192,0,0,217,0,0,0,0.007648,0,2448,0,2448
0,2.70527,354,0,4,91.941,2,8192,0,0,125,4,0,0,0.007648,0,2452,0,2452
0,2.92525,383,0,4,108.136,2,8192,0,0,149,4,0,0,0.007648,0,2456,0,2456
0,2.70643,354,0,4,105.962,2,8192,0,0,114,4,0,0,0.007648,0,2460,0,2460
0,3.24954,425,0,5,84.544,2,8192,0,0,143,5,0,0,0.007648,0,2465,0,2465
0,2.75984,361,0,7,118.131,2,8192,0,0,108,7,0,0,0.007648,0,2472,0,2472


