MSS,1250
SendRate(Mb/s),ReceiveRate(Mb/s),RecvPackets,Send Loss,Recv Loss,RTT(ms),CWnd,FlowWindow,Retrans,PktSndPeriod(us),SendACK,SendNAK,RecvACK,RecvNAK,EstimatedBandwidth(Mb/s),Retrans_Total, NAK_TotalSent,Total Send Loss,Total Recv Loss
0,6.39917,807,0,3,100.368,2,8192,0,0,309,3,0,0,0.009648,0,3,0,3
0,7.51318,779,0,5,82.037,2,8192,0,0,260,5,0,0,0.009648,0,8,0,8
0,7.58183,786,0,6,98.95,2,8192,0,0,232,6,0,0,0.009648,0,14,0,14
0,7.62538,791,0,6,82.314,2,8192,0,0,192,6,0,0,0.009648,0,20,0,20
0,7.37784,765,0,8,99.144,2,8192,0,0,123,8,0,0,0.009648,0,28,0,28
0,6.85444,711,0,4,91.112,2,8192,0,0,217,4,0,0,0.009648,0,32,0,32
0,7.44499,772,0,6,110.08,2,8192,0,0,237,6,0,0,0.009648,0,38,0,38
0,7.20063,748,0,4,95.478,2,8192,0,0,154,4,0,0,0.009648,0,42,0,42
0,8.09333,839,0,6,97.875,2,8192,0,0,246,6,0,0,0.009648,0,48,0,48
0,7.98636,828,0,2,225.608,2,8192,0,0,330,2,0,0,0.009648,0,50,0,50
0,7.51333,779,0,7,146.841,2,8192,0,0,189,7,0,0,0.009648,0,57,0,57
0,8.37204,868,0,3,67.229,2,8192,0,0,300,3,0,0,0.009648,0,60,0,60
0,8.06233,836,0,4,114.115,2,8192,0,0,290,4,0,0,0.009648,0,64,0,64
0,7.3202,759,0,2,89.19,2,8192,0,0,323,2,0,0,0.009648,0,66,0,66
0,7.67713,796,0,4,81.358,2,8192,0,0,256,4,0,0,0.009648,0,70,0,70
0,6.71184,696,0,8,86.04,2,8192,0,0,185,8,0,0,0.009648,0,78,0,78
0,6.92955,719,0,9,96.759,2,8192,0,0,127,9,0,0,0.009648,0,87,0,87
0,8.13706,844,0,4,153.594,2,8192,0,0,298,4,0,0,0.009648,0,91,0,91
0,8.0642,836,0,2,160.775,2,8192,0,0,341,2,0,0,0.009648,0,93,0,93
0,6.73086,698,0,8,104.332,2,8192,0,0,83,8,0,0,0.009648,0,101,0,101
0,7.57407,786,0,5,189.871,2,8192,0,0,153,5,0,0,0.009648,0,106,0,106
0,6.71786,697,0,3,102.598,2,8192,0,0,255,3,0,0,0.009648,0,109,0,109
0,7.69753,798,0,2,102.872,2,8192,0,0,317,2,0,0,0.009648,0,111,0,111
0,8.16018,846,0,8,85.903,2,8192,0,0,222,8,0,0,0.009648,0,119,0,119
0,7.20854,748,0,7,101.994,2,8192,0,0,155,7,0,0,0.009648,0,126,0,126
0,7.95608,825,0,4,117.779,2,8192,0,0,314,4,0,0,0.009648,0,130,0,130
0,7.26401,753,0,6,96.854,2,8192,0,0,198,6,0,0,0.009648,0,136,0,136
0,7.89863,819,0,4,62.544,2,8192,0,0,308,4,0,0,0.009648,0,140,0,140
0,8.13379,844,0,5,147.217,2,8192,0,0,291,5,0,0,0.009648,0,145,0,145
0,8.3194,863,0,8,79.618,2,8192,0,0,211,8,0,0,0.009648,0,153,0,153
0,7.38441,766,0,6,90.762,2,8192,0,0,213,6,0,0,0.009648,0,159,0,159
0,7.63925,792,0,6,92.816,2,8192,0,0,219,6,0,0,0.009648,0,165,0,165
0,7.66743,795,0,8,190.587,2,8192,0,0,192,8,0,0,0.009648,0,173,0,173
0,7.86558,816,0,6,81.495,2,8192,0,0,181,6,0,0,0.009648,0,179,0,179
0,7.52403,780,0,4,99.11,2,8192,0,0,231,4,0,0,0.009648,0,183,0,183
0,7.58079,786,0,3,98.222,2,8192,0,0,308,3,0,0,0.009648,0,186,0,186
0,8.11945,842,0,3,124.12,2,8192,0,0,222,3,0,0,0.009648,0,189,0,189
0,7.4466,774,0,4,133.265,2,8192,0,0,204,4,0,0,0.009648,0,193,0,193
0,8.44061,875,0,4,106.405,2,8192,0,0,254,4,0,0,0.009648,0,197,0,197
0,7.93144,823,0,1,87.252,2,8192,0,0,339,1,0,0,0.009648,0,198,0,198
0,8.32085,863,0,3,117.972,2,8192,0,0,333,3,0,0,0.009648,0,201,0,201
0,7.0641,733,0,8,152.601,2,8192,0,0,187,8,0,0,0.009648,0,209,0,209
0,7.84835,814,0,7,210.427,2,8192,0,0,206,7,0,0,0.009648,0,216,0,216
0,7.70242,799,0,5,89.383,2,8192,0,0,167,5,0,0,0.009648,0,221,0,221
0,8.32483,863,0,3,165.054,2,8192,0,0,319,3,0,0,0.009648,0,224,0,224
0,8.07848,838,0,1,113.686,2,8192,0,0,362,1,0,0,0.009648,0,225,0,225
0,7.74315,803,0,4,126.132,2,8192,0,0,275,4,0,0,0.009648,0,229,0,229
0,7.58137,786,0,8,93.197,2,8192,0,0,166,8,0,0,0.009648,0,237,0,237
0,7.87177,816,0,5,108.18,2,8192,0,0,251,5,0,0,0.009648,0,242,0,242
0,7.84831,814,0,3,84.533,2,8192,0,0,288,3,0,0,0.009648,0,245,0,245
0,6.7396,699,0,2,79.93,2,8192,0,0,278,2,0,0,0.009648,0,247,0,247
0,8.67961,900,0,3,138.893,2,8192,0,0,334,3,0,0,0.009648,0,250,0,250
0,7.27179,754,0,3,129.157,2,8192,0,0,250,3,0,0,0.009648,0,253,0,253
0,7.29783,757,0,3,75.225,2,8192,0,0,251,3,0,0,0.009648,0,256,0,256
0,8.21835,852,0,1,143.304,2,8192,0,0,411,1,0,0,0.009648,0,257,0,257
0,6.93329,719,0,5,78.116,2,8192,0,0,142,5,0,0,0.009648,0,262,0,262
0,8.1505,845,0,7,207.592,2,8192,0,0,157,7,0,0,0.009648,0,269,0,269
0,7.53986,782,0,4,147.025,2,8192,0,0,199,4,0,0,0.009648,0,273,0,273
0,8.06441,837,0,2,103.973,2,8192,0,0,287,2,0,0,0.009648,0,275,0,275
0,7.512,779,0,4,102.635,2,8192,0,0,246,4,0,0,0.009648,0,279,0,279
0,7.9361,823,0,3,130.168,2,8192,0,0,224,3,0,0,0.009648,0,282,0,282
0,7.40198,768,0,4,138.885,2,8192,0,0,235,4,0,0,0.009648,0,286,0,286
0,7.99696,830,0,3,132.496,2,8192,0,0,325,3,0,0,0.009648,0,289,0,289
0,7.50472,778,0,5,77.388,2,8192,0,0,209,5,0,0,0.009648,0,294,0,294
0,7.58659,788,0,3,92.91,2,8192,0,0,254,3,0,0,0.009648,0,297,0,297
0,8.30427,861,0,3,132.664,2,8192,0,0,289,3,0,0,0.009648,0,300,0,300
0,7.80294,809,0,6,90.586,2,8192,0,0,258,6,0,0,0.009648,0,306,0,306
0,8.17744,848,0,2,114.962,2,8192,0,0,346,2,0,0,0.009648,0,308,0,308
0,8.0514,835,0,2,64.379,2,8192,0,0,365,2,0,0,0.009648,0,310,0,310
0,8.83566,916,0,1,78.258,2,8192,0,0,383,1,0,0,0.009648,0,311,0,311
0,7.15216,742,0,4,85.942,2,8192,0,0,229,4,0,0,0.009648,0,315,0,315
0,7.36964,764,0,4,113.023,2,8192,0,0,292,4,0,0,0.009648,0,319,0,319
0,8.15669,846,0,3,121.453,2,8192,0,0,314,3,0,0,0.009648,0,322,0,322
0,8.33672,865,0,0,257.681,2,8192,0,0,380,0,0,0,0.009648,0,322,0,322
0,8.50779,882,0,1,145.313,2,8192,0,0,355,1,0,0,0.009648,0,323,0,323
0,8.17964,850,0,3,78.915,2,8192,0,0,320,3,0,0,0.009648,0,326,0,326
0,8.11905,842,0,3,104.065,2,8192,0,0,298,3,0,0,0.009648,0,329,0,329
0,7.8506,814,0,3,196.473,2,8192,0,0,213,3,0,0,0.009648,0,332,0,332
0,8.61744,894,0,1,325.478,2,8192,0,0,438,1,0,0,0.009648,0,333,0,333
0,7.7257,801,0,3,95.305,2,8192,0,0,134,3,0,0,0.009648,0,336,0,336
0,8.39098,870,0,3,79.181,2,8192,0,0,302,3,0,0,0.009648,0,339,0,339
0,6.59618,685,0,1,30.872,2,8192,0,0,143,1,0,0,0.009648,0,340,0,340
0,8.0909,839,0,3,94.34,2,8192,0,0,301,3,0,0,0.009648,0,343,0,343
0,7.11822,738,0,2,165.529,2,8192,0,0,217,2,0,0,0.009648,0,345,0,345
0,8.03458,833,0,4,185.479,2,8192,0,0,227,4,0,0,0.009648,0,349,0,349
0,7.62859,791,0,4,198.504,2,8192,0,0,241,4,0,0,0.009648,0,353,0,353
0,7.83244,812,0,2,94.589,2,8192,0,0,346,2,0,0,0.009648,0,355,0,355
0,7.40812,768,0,7,98.796,2,8192,0,0,198,7,0,0,0.009648,0,362,0,362
0,7.87616,817,0,3,172.395,2,8192,0,0,254,3,0,0,0.009648,0,365,0,365
0,7.79178,808,0,3,98.505,2,8192,0,0,262,3,0,0,0.009648,0,368,0,368
0,7.88037,817,0,3,133.341,2,8192,0,0,283,3,0,0,0.009648,0,371,0,371
0,8.31482,862,0,2,97.261,2,8192,0,0,232,2,0,0,0.009648,0,373,0,373
0,8.51721,883,0,0,159.921,2,8192,0,0,447,0,0,0,0.009648,0,373,0,373
0,7.73916,803,0,1,475.4,2,8192,0,0,353,1,0,0,0.009648,0,374,0,374
0,7.91579,823,0,2,123.771,2,8192,0,0,198,2,0,0,0.009648,0,376,0,376
0,8.11921,842,0,5,135.514,2,8192,0,0,200,5,0,0,0.009648,0,381,0,381
0,8.68021,900,0,2,71.313,2,8192,0,0,316,2,0,0,0.009648,0,383,0,383
0,7.66856,795,0,4,76.797,2,8192,0,0,249,4,0,0,0.009648,0,387,0,387
0,7.60109,789,0,0,112.957,2,8192,0,0,304,0,0,0,0.009648,0,387,0,387
0,8.53387,885,0,2,137.446,2,8192,0,0,312,2,0,0,0.009648,0,389,0,389
0,8.07404,837,0,3,138.318,2,8192,0,0,281,3,0,0,0.009648,0,392,0,392
0,7.97277,827,0,2,188.744,2,8192,0,0,347,2,0,0,0.009648,0,394,0,394
0,8.27539,858,0,2,84.783,2,8192,0,0,266,2,0,0,0.009648,0,396,0,396
0,9.07913,942,0,2,189.837,2,8192,0,0,367,2,0,0,0.009648,0,398,0,398
0,6.64625,689,0,3,99.827,2,8192,0,0,265,3,0,0,0.009648,0,401,0,401
0,7.88907,818,0,7,96.938,2,8192,0,0,174,7,0,0,0.009648,0,408,0,408
0,7.10469,737,0,3,172.551,2,8192,0,0,236,3,0,0,0.009648,0,411,0,411
0,7.84054,813,0,6,103.39,2,8192,0,0,173,6,0,0,0.009648,0,417,0,417
0,7.97557,827,0,3,184.851,2,8192,0,0,256,3,0,0,0.009648,0,420,0,420
0,7.92635,822,0,3,211.537,2,8192,0,0,187,3,0,0,0.009648,0,423,0,423
0,7.47557,776,0,4,111.991,2,8192,0,0,217,4,0,0,0.009648,0,427,0,427
0,8.44024,875,0,3,149.576,2,8192,0,0,350,3,0,0,0.009648,0,430,0,430
0,7.87737,817,0,2,164.148,2,8192,0,0,251,2,0,0,0.009648,0,432,0,432
0,7.63862,792,0,5,134.046,2,8192,0,0,230,5,0,0,0.009648,0,437,0,437
0,7.55891,784,0,5,104.398,2,8192,0,0,131,5,0,0,0.009648,0,442,0,442
0,10.2141,1059,0,2,266.125,2,8192,0,0,468,2,0,0,0.009648,0,444,0,444
0,8.70906,903,0,1,135.475,2,8192,0,0,288,1,0,0,0.009648,0,445,0,445
0,8.55011,887,0,3,99.33,2,8192,0,0,222,3,0,0,0.009648,0,448,0,448
0,7.74576,803,0,5,87.192,2,8192,0,0,221,5,0,0,0.009648,0,453,0,453
0,8.63779,896,0,3,69.462,2,8192,0,0,313,3,0,0,0.009648,0,456,0,456
0,7.82729,812,0,2,157.666,2,8192,0,0,194,2,0,0,0.009648,0,458,0,458
0,8.38515,870,0,1,96.896,2,8192,0,0,409,1,0,0,0.009648,0,459,0,459
0,8.7298,905,0,1,144.559,2,8192,0,0,399,1,0,0,0.009648,0,460,0,460
0,7.92879,822,0,3,97.742,2,8192,0,0,273,3,0,0,0.009648,0,463,0,463
0,7.51342,779,0,6,106.666,2,8192,0,0,163,6,0,0,0.009648,0,469,0,469
0,8.15115,845,0,5,102.873,2,8192,0,0,247,5,0,0,0.009648,0,474,0,474
0,10.1603,1056,0,3,173.397,2,8192,0,0,394,3,0,0,0.009648,0,477,0,477
0,7.9091,820,0,1,360.511,2,8192,0,0,291,1,0,0,0.009648,0,478,0,478
0,7.80271,809,0,3,86.437,2,8192,0,0,304,3,0,0,0.009648,0,481,0,481
0,9.07816,942,0,2,274.976,2,8192,0,0,353,2,0,0,0.009648,0,483,0,483
0,8.04416,836,0,3,82.004,2,8192,0,0,298,3,0,0,0.009648,0,486,0,486
0,8.38086,869,0,4,145.559,2,8192,0,0,259,4,0,0,0.009648,0,490,0,490
0,8.15722,846,0,4,115.139,2,8192,0,0,253,4,0,0,0.009648,0,494,0,494
0,7.21485,748,0,4,75.157,2,8192,0,0,191,4,0,0,0.009648,0,498,0,498
0,6.95353,721,0,1,97.372,2,8192,0,0,346,1,0,0,0.009648,0,499,0,499
0,8.67957,900,0,2,90.953,2,8192,0,0,326,2,0,0,0.009648,0,501,0,501
0,7.47486,775,0,6,81.905,2,8192,0,0,207,6,0,0,0.009648,0,507,0,507
0,7.74411,803,0,5,100.913,2,8192,0,0,248,5,0,0,0.009648,0,512,0,512
0,8.45789,877,0,3,174.276,2,8192,0,0,302,3,0,0,0.009648,0,515,0,515
0,8.07642,838,0,2,312.575,2,8192,0,0,258,2,0,0,0.009648,0,517,0,517
0,7.38049,766,0,2,116.664,2,8192,0,0,256,2,0,0,0.009648,0,519,0,519
0,8.1289,843,0,4,117.185,2,8192,0,0,270,4,0,0,0.009648,0,523,0,523
0,8.07369,837,0,4,156.319,2,8192,0,0,239,4,0,0,0.009648,0,527,0,527
0,7.83751,813,0,1,166.02,2,8192,0,0,357,1,0,0,0.009648,0,528,0,528
0,8.32443,863,0,4,94.357,2,8192,0,0,212,4,0,0,0.009648,0,532,0,532
0,7.2919,756,0,2,99.611,2,8192,0,0,221,2,0,0,0.009648,0,534,0,534
0,9.95463,1032,0,1,271.838,2,8192,0,0,431,1,0,0,0.009648,0,535,0,535
0,8.62373,898,0,1,65.654,2,8192,0,0,389,1,0,0,0.009648,0,536,0,536
0,8.96062,929,0,1,75.443,2,8192,0,0,420,1,0,0,0.009648,0,537,0,537
0,8.42019,873,0,2,199.796,2,8192,0,0,319,2,0,0,0.009648,0,539,0,539
0,7.93585,823,0,1,131.552,2,8192,0,0,239,1,0,0,0.009648,0,540,0,540
0,7.72777,802,0,2,105.313,2,8192,0,0,255,2,0,0,0.009648,0,542,0,542
0,8.34916,866,0,3,123.877,2,8192,0,0,334,3,0,0,0.009648,0,545,0,545
0,7.77255,806,0,2,188.104,2,8192,0,0,271,2,0,0,0.009648,0,547,0,547
0,8.0344,833,0,3,167.826,2,8192,0,0,225,3,0,0,0.009648,0,550,0,550
0,8.39146,870,0,0,142.301,2,8192,0,0,411,0,0,0,0.009648,0,550,0,550
0,8.86703,920,0,3,188.719,2,8192,0,0,307,3,0,0,0.009648,0,553,0,553
0,7.62942,791,0,2,141.027,2,8192,0,0,243,2,0,0,0.009648,0,555,0,555
0,8.16945,847,0,2,85.252,2,8192,0,0,341,2,0,0,0.009648,0,557,0,557
0,7.99606,829,0,2,150.296,2,8192,0,0,340,2,0,0,0.009648,0,559,0,559
0,8.62439,895,0,2,106.723,2,8192,0,0,351,2,0,0,0.009648,0,561,0,561
0,7.70317,799,0,8,95.612,2,8192,0,0,173,8,0,0,0.009648,0,569,0,569
0,8.3716,868,0,1,81.734,2,8192,0,0,349,1,0,0,0.009648,0,570,0,570
0,7.82626,812,0,2,152.213,2,8192,0,0,294,2,0,0,0.009648,0,572,0,572
0,7.61725,790,0,3,90.46,2,8192,0,0,292,3,0,0,0.009648,0,575,0,575
0,8.91205,928,0,3,120.528,2,8192,0,0,298,3,0,0,0.009648,0,578,0,578
0,7.87124,816,0,5,102.481,2,8192,0,0,190,5,0,0,0.009648,0,583,0,583
0,7.00254,726,0,3,108.976,2,8192,0,0,250,3,0,0,0.009648,0,586,0,586
0,8.72839,905,0,4,152.819,2,8192,0,0,310,4,0,0,0.009648,0,590,0,590
0,8.46082,878,0,2,107.843,2,8192,0,0,294,2,0,0,0.009648,0,592,0,592
0,7.61717,790,0,2,92.972,2,8192,0,0,311,2,0,0,0.009648,0,594,0,594
0,7.78417,807,0,2,92.483,2,8192,0,0,288,2,0,0,0.009648,0,596,0,596
0,7.86872,816,0,3,77.181,2,8192,0,0,229,3,0,0,0.009648,0,599,0,599
0,7.87261,817,0,3,73.735,2,8192,0,0,303,3,0,0,0.009648,0,602,0,602
0,7.37307,765,0,3,97.624,2,8192,0,0,280,3,0,0,0.009648,0,605,0,605
0,7.32277,760,0,2,95.321,2,8192,0,0,295,2,0,0,0.009648,0,607,0,607
0,8.02585,832,0,2,141.191,2,8192,0,0,323,2,0,0,0.009648,0,609,0,609
0,7.67704,796,0,3,182.329,2,8192,0,0,264,3,0,0,0.009648,0,612,0,612
0,8.05212,835,0,3,69.707,2,8192,0,0,285,3,0,0,0.009648,0,615,0,615
0,8.24179,855,0,4,89.614,2,8192,0,0,315,4,0,0,0.009648,0,619,0,619
0,8.5058,882,0,2,100.472,2,8192,0,0,254,2,0,0,0.009648,0,621,0,621
0,6.62695,687,0,7,121.847,2,8192,0,0,147,7,0,0,0.009648,0,628,0,628
0,8.53918,888,0,2,176.401,2,8192,0,0,299,2,0,0,0.009648,0,630,0,630
0,8.69623,902,0,2,124.51,2,8192,0,0,296,2,0,0,0.009648,0,632,0,632
0,7.958,825,0,7,75.873,2,8192,0,0,211,7,0,0,0.009648,0,639,0,639
0,7.61487,790,0,3,177.294,2,8192,0,0,251,3,0,0,0.009648,0,642,0,642
0,8.39107,870,0,4,98.354,2,8192,0,0,177,4,0,0,0.009648,0,646,0,646
0,8.62298,894,0,4,142.596,2,8192,0,0,258,4,0,0,0.009648,0,650,0,650
0,8.45044,876,0,3,98.074,2,8192,0,0,263,3,0,0,0.009648,0,653,0,653
0,8.09313,839,0,4,71.282,2,8192,0,0,272,4,0,0,0.009648,0,657,0,657
0,7.76534,805,0,4,123.513,2,8192,0,0,224,4,0,0,0.009648,0,661,0,661
0,8.04323,834,0,5,107.263,2,8192,0,0,229,5,0,0,0.009648,0,666,0,666
0,10.1579,1053,0,2,227.73,2,8192,0,0,425,2,0,0,0.009648,0,668,0,668
0,12.1446,1259,0,1,699.108,2,8192,0,0,613,1,0,0,0.009648,0,669,0,669
0,7.58168,786,0,2,599.481,2,8192,0,0,1,2,0,0,0.009648,0,671,0,671
0,2.03497,211,0,2,599.481,2,8192,0,0,1,2,0,0,0.009648,0,673,0,673
0,6.03476,626,0,2,93.234,2,8192,0,0,203,2,0,0,0.009648,0,675,0,675
0,7.6009,788,0,2,199.639,2,8192,0,0,283,2,0,0,0.009648,0,677,0,677
0,7.88855,818,0,3,98.74,2,8192,0,0,270,3,0,0,0.009648,0,680,0,680
0,7.96743,826,0,7,92.242,2,8192,0,0,209,7,0,0,0.009648,0,687,0,687
0,8.29145,860,0,2,130.111,2,8192,0,0,256,2,0,0,0.009648,0,689,0,689
0,7.91952,821,0,6,286.667,2,8192,0,0,202,6,0,0,0.009648,0,695,0,695
0,8.29147,860,0,0,132.306,2,8192,0,0,391,0,0,0,0.009648,0,695,0,695
0,8.1121,841,0,1,316.28,2,8192,0,0,377,1,0,0,0.009648,0,696,0,696
0,7.03749,730,0,2,109.042,2,8192,0,0,136,2,0,0,0.009648,0,698,0,698
0,7.86948,816,0,3,74.381,2,8192,0,0,276,3,0,0,0.009648,0,701,0,701
0,8.58156,890,0,2,180.527,2,8192,0,0,394,2,0,0,0.009648,0,703,0,703
0,8.02009,832,0,3,145.769,2,8192,0,0,277,3,0,0,0.009648,0,706,0,706
0,7.75043,805,0,4,124.537,2,8192,0,0,256,4,0,0,0.009648,0,710,0,710
0,8.27051,858,0,2,106.815,2,8192,0,0,293,2,0,0,0.009648,0,712,0,712
0,7.85138,814,0,3,93.912,2,8192,0,0,219,3,0,0,0.009648,0,715,0,715
0,7.51043,779,0,6,64.441,2,8192,0,0,226,6,0,0,0.009648,0,721,0,721
0,8.26486,857,0,2,87.153,2,8192,0,0,325,2,0,0,0.009648,0,723,0,723
0,8.18933,850,0,3,87.181,2,8192,0,0,303,3,0,0,0.009648,0,726,0,726
0,6.30878,654,0,2,95.748,2,8192,0,0,222,2,0,0,0.009648,0,728,0,728
0,7.71595,800,0,3,104.704,2,8192,0,0,251,3,0,0,0.009648,0,731,0,731
0,8.01335,831,0,5,147.171,2,8192,0,0,208,5,0,0,0.009648,0,736,0,736
0,8.10215,840,0,5,108.315,2,8192,0,0,266,5,0,0,0.009648,0,741,0,741
0,8.49723,881,0,4,182.584,2,8192,0,0,250,4,0,0,0.009648,0,745,0,745
0,7.2791,755,0,1,142.23,2,8192,0,0,243,1,0,0,0.009648,0,746,0,746
0,8.07839,839,0,4,77.826,2,8192,0,0,288,4,0,0,0.009648,0,750,0,750
0,7.47434,775,0,3,72.862,2,8192,0,0,323,3,0,0,0.009648,0,753,0,753
0,7.85178,814,0,10,94.447,2,8192,0,0,180,10,0,0,0.009648,0,763,0,763
0,7.92853,822,0,4,144.145,2,8192,0,0,255,4,0,0,0.009648,0,767,0,767
0,7.68739,797,0,4,85.605,2,8192,0,0,212,4,0,0,0.009648,0,771,0,771
0,8.7386,906,0,4,89.727,2,8192,0,0,235,4,0,0,0.009648,0,775,0,775
0,7.70712,800,0,5,68.656,2,8192,0,0,267,5,0,0,0.009648,0,780,0,780
0,8.0737,837,0,2,100.989,2,8192,0,0,269,2,0,0,0.009648,0,782,0,782
0,8.13729,844,0,3,138.546,2,8192,0,0,288,3,0,0,0.009648,0,785,0,785
0,8.35326,866,0,1,75.775,2,8192,0,0,269,1,0,0,0.009648,0,786,0,786
0,7.70428,799,0,3,109.36,2,8192,0,0,351,3,0,0,0.009648,0,789,0,789
0,7.44955,773,0,6,215.911,2,8192,0,0,184,6,0,0,0.009648,0,795,0,795
0,8.48451,880,0,2,106.29,2,8192,0,0,215,2,0,0,0.009648,0,797,0,797
0,7.53028,781,0,5,88.603,2,8192,0,0,245,5,0,0,0.009648,0,802,0,802
0,7.72875,802,0,1,188.803,2,8192,0,0,234,1,0,0,0.009648,0,803,0,803
0,7.73598,802,0,6,77.083,2,8192,0,0,215,6,0,0,0.009648,0,809,0,809
0,7.86165,815,0,6,116.414,2,8192,0,0,203,6,0,0,0.009648,0,815,0,815
0,7.54256,782,0,9,106.55,2,8192,0,0,195,9,0,0,0.009648,0,824,0,824
0,8.18676,849,0,2,127.801,2,8192,0,0,357,2,0,0,0.009648,0,826,0,826
0,8.4691,879,0,3,94.469,2,8192,0,0,283,3,0,0,0.009648,0,829,0,829
0,8.46377,878,0,2,107.156,2,8192,0,0,321,2,0,0,0.009648,0,831,0,831
0,7.71749,801,0,3,127.781,2,8192,0,0,244,3,0,0,0.009648,0,834,0,834
0,7.79255,808,0,6,97.25,2,8192,0,0,202,6,0,0,0.009648,0,840,0,840
0,7.8314,812,0,3,73.188,2,8192,0,0,248,3,0,0,0.009648,0,843,0,843
0,7.35928,763,0,4,141.362,2,8192,0,0,270,4,0,0,0.009648,0,847,0,847
0,7.7618,805,0,12,97.012,2,8192,0,0,53,12,0,0,0.009648,0,859,0,859
0,7.78243,807,0,2,85.264,2,8192,0,0,325,2,0,0,0.009648,0,861,0,861
0,7.46553,774,0,3,108.186,2,8192,0,0,272,3,0,0,0.009648,0,864,0,864
0,7.02251,728,0,8,81.35,2,8192,0,0,176,8,0,0,0.009648,0,872,0,872
0,7.50413,778,0,4,175.112,2,8192,0,0,247,4,0,0,0.009648,0,876,0,876
0,8.03976,834,0,3,134.997,2,8192,0,0,299,3,0,0,0.009648,0,879,0,879
0,8.17594,848,0,2,92.409,2,8192,0,0,279,2,0,0,0.009648,0,881,0,881
0,8.57327,889,0,0,133.504,2,8192,0,0,429,0,0,0,0.009648,0,881,0,881
0,7.87475,818,0,3,106.317,2,8192,0,0,241,3,0,0,0.009648,0,884,0,884
0,7.34609,762,0,6,264.513,2,8192,0,0,301,6,0,0,0.009648,0,890,0,890
0,8.17972,848,0,5,102.363,2,8192,0,0,215,5,0,0,0.009648,0,895,0,895
0,8.23359,854,0,3,88.96,2,8192,0,0,272,3,0,0,0.009648,0,898,0,898
0,7.86901,816,0,5,90.45,2,8192,0,0,247,5,0,0,0.009648,0,903,0,903
0,7.42422,770,0,4,167.375,2,8192,0,0,211,4,0,0,0.009648,0,907,0,907
0,7.47954,776,0,5,86.732,2,8192,0,0,238,5,0,0,0.009648,0,912,0,912
0,7.93282,823,0,2,146.209,2,8192,0,0,307,2,0,0,0.009648,0,914,0,914
0,7.31791,759,0,3,96.865,2,8192,0,0,200,3,0,0,0.009648,0,917,0,917
0,7.9263,822,0,8,113.061,2,8192,0,0,159,8,0,0,0.009648,0,925,0,925
0,8.77025,910,0,2,274.05,2,8192,0,0,310,2,0,0,0.009648,0,927,0,927
0,7.69282,798,0,4,123.832,2,8192,0,0,234,4,0,0,0.009648,0,931,0,931
0,6.27585,651,0,6,69.777,2,8192,0,0,192,6,0,0,0.009648,0,937,0,937
0,8.10447,842,0,6,121.901,2,8192,0,0,196,6,0,0,0.009648,0,943,0,943
0,7.93721,823,0,0,88.248,2,8192,0,0,418,0,0,0,0.009648,0,943,0,943
0,7.19585,746,0,10,79.924,2,8192,0,0,151,10,0,0,0.009648,0,953,0,953
0,8.10264,840,0,3,123.445,2,8192,0,0,279,3,0,0,0.009648,0,956,0,956
0,7.71466,800,0,11,78.91,2,8192,0,0,61,11,0,0,0.009648,0,967,0,967
0,5.2554,545,0,3,113.576,2,8192,0,0,167,3,0,0,0.009648,0,970,0,970
0,8.29526,860,0,4,100.134,2,8192,0,0,287,4,0,0,0.009648,0,974,0,974
0,7.77354,806,0,5,56.793,2,8192,0,0,221,5,0,0,0.009648,0,979,0,979
0,8.0126,831,0,2,114.664,2,8192,0,0,318,2,0,0,0.009648,0,981,0,981
0,7.8583,815,0,2,206.684,2,8192,0,0,319,2,0,0,0.009648,0,983,0,983
0,7.88039,817,0,4,116.993,2,8192,0,0,186,4,0,0,0.009648,0,987,0,987
0,8.64041,896,0,1,80.524,2,8192,0,0,401,1,0,0,0.009648,0,988,0,988
0,8.00491,830,0,4,97.256,2,8192,0,0,245,4,0,0,0.009648,0,992,0,992
0,8.00732,831,0,3,346.526,2,8192,0,0,279,3,0,0,0.009648,0,995,0,995
0,8.16963,847,0,7,101.324,2,8192,0,0,157,7,0,0,0.009648,0,1002,0,1002
0,7.94429,824,0,1,79.666,2,8192,0,0,373,1,0,0,0.009648,0,1003,0,1003
0,6.60612,685,0,4,71.701,2,8192,0,0,141,4,0,0,0.009648,0,1007,0,1007
0,7.6661,795,0,4,135.385,2,8192,0,0,286,4,0,0,0.009648,0,1011,0,1011
0,7.5571,784,0,0,162.143,2,8192,0,0,397,0,0,0,0.009648,0,1011,0,1011
0,7.49428,777,0,3,136.762,2,8192,0,0,286,3,0,0,0.009648,0,1014,0,1014
0,7.35843,763,0,4,107.895,2,8192,0,0,246,4,0,0,0.009648,0,1018,0,1018
0,7.68715,797,0,5,274.036,2,8192,0,0,193,5,0,0,0.009648,0,1023,0,1023
0,8.16293,847,0,3,111.426,2,8192,0,0,238,3,0,0,0.009648,0,1026,0,1026
0,7.88713,818,0,3,137.614,2,8192,0,0,302,3,0,0,0.009648,0,1029,0,1029
0,7.99637,829,0,4,104.705,2,8192,0,0,244,4,0,0,0.009648,0,1033,0,1033
0,8.10977,841,0,3,150.563,2,8192,0,0,192,3,0,0,0.009648,0,1036,0,1036
0,8.04895,835,0,6,90.9,2,8192,0,0,213,6,0,0,0.009648,0,1042,0,1042
0,7.49488,777,0,5,221.799,2,8192,0,0,236,5,0,0,0.009648,0,1047,0,1047
0,8.19868,850,0,1,103.071,2,8192,0,0,317,1,0,0,0.009648,0,1048,0,1048
0,6.82635,708,0,4,109.603,2,8192,0,0,293,4,0,0,0.009648,0,1052,0,1052
0,8.39171,870,0,2,88.932,2,8192,0,0,317,2,0,0,0.009648,0,1054,0,1054
0,7.63828,792,0,3,86.067,2,8192,0,0,228,3,0,0,0.009648,0,1057,0,1057
0,7.3973,767,0,2,101.32,2,8192,0,0,278,2,0,0,0.009648,0,1059,0,1059
0,6.97163,723,0,5,105.279,2,8192,0,0,207,5,0,0,0.009648,0,1064,0,1064
0,7.35596,763,0,3,519.849,2,8192,0,0,234,3,0,0,0.009648,0,1067,0,1067
0,6.60465,685,0,6,111.83,2,8192,0,0,105,6,0,0,0.009648,0,1073,0,1073
0,7.83129,812,0,2,96.211,2,8192,0,0,297,2,0,0,0.009648,0,1075,0,1075
0,7.8253,812,0,3,75.337,2,8192,0,0,285,3,0,0,0.009648,0,1078,0,1078
0,8.11213,841,0,6,93.88,2,8192,0,0,215,6,0,0,0.009648,0,1084,0,1084
0,7.81165,810,0,3,152.328,2,8192,0,0,237,3,0,0,0.009648,0,1087,0,1087
0,7.69624,798,0,3,192.986,2,8192,0,0,215,3,0,0,0.009648,0,1090,0,1090
0,8.01552,831,0,2,79.751,2,8192,0,0,315,2,0,0,0.009648,0,1092,0,1092
0,7.85114,814,0,6,66.149,2,8192,0,0,292,6,0,0,0.009648,0,1098,0,1098
0,8.39662,871,0,4,157.586,2,8192,0,0,250,4,0,0,0.009648,0,1102,0,1102
0,8.37102,868,0,3,240.582,2,8192,0,0,225,3,0,0,0.009648,0,1105,0,1105
0,8.56643,888,0,2,107.642,2,8192,0,0,356,2,0,0,0.009648,0,1107,0,1107
0,7.44495,772,0,9,151.642,2,8192,0,0,190,9,0,0,0.009648,0,1116,0,1116
0,7.51346,779,0,5,59.043,2,8192,0,0,219,5,0,0,0.009648,0,1121,0,1121
0,8.57417,889,0,3,90.868,2,8192,0,0,271,3,0,0,0.009648,0,1124,0,1124
0,7.25155,752,0,6,601.559,2,8192,0,0,121,6,0,0,0.009648,0,1130,0,1130
0,7.90953,820,0,2,106.146,2,8192,0,0,269,2,0,0,0.009648,0,1132,0,1132
0,7.74328,803,0,5,163.536,2,8192,0,0,192,5,0,0,0.009648,0,1137,0,1137
0,7.07854,737,0,5,328.513,2,8192,0,0,256,5,0,0,0.009648,0,1142,0,1142
0,8.2037,851,0,4,71.315,2,8192,0,0,204,4,0,0,0.009648,0,1146,0,1146
0,7.18567,745,0,4,216.527,2,8192,0,0,241,4,0,0,0.009648,0,1150,0,1150
0,9.26514,961,0,6,151.308,2,8192,0,0,315,6,0,0,0.009648,0,1156,0,1156
0,7.5971,788,0,4,101.707,2,8192,0,0,231,4,0,0,0.009648,0,1160,0,1160
0,7.8792,818,0,4,147.363,2,8192,0,0,274,4,0,0,0.009648,0,1164,0,1164
0,8.17961,848,0,2,161.369,2,8192,0,0,311,2,0,0,0.009648,0,1166,0,1166
0,8.44978,877,0,1,113.884,2,8192,0,0,290,1,0,0,0.009648,0,1167,0,1167
0,8.07359,837,0,3,206.213,2,8192,0,0,182,3,0,0,0.009648,0,1170,0,1170
0,7.57817,786,0,7,70.076,2,8192,0,0,233,7,0,0,0.009648,0,1177,0,1177
0,7.89,818,0,3,127.492,2,8192,0,0,244,3,0,0,0.009648,0,1180,0,1180
0,9.40357,975,0,1,346.626,2,8192,0,0,382,1,0,0,0.009648,0,1181,0,1181
0,8.40973,872,0,2,107.071,2,8192,0,0,222,2,0,0,0.009648,0,1183,0,1183
0,8.03541,833,0,4,134.971,2,8192,0,0,253,4,0,0,0.009648,0,1187,0,1187
0,7.50166,778,0,2,112.647,2,8192,0,0,232,2,0,0,0.009648,0,1189,0,1189
0,7.85171,814,0,1,77.65,2,8192,0,0,352,1,0,0,0.009648,0,1190,0,1190
0,8.08834,839,0,4,134.175,2,8192,0,0,306,4,0,0,0.009648,0,1194,0,1194
0,7.39533,767,0,5,71.156,2,8192,0,0,211,5,0,0,0.009648,0,1199,0,1199
0,6.69394,703,0,5,52.455,2,8192,0,0,120,5,0,0,0.009648,0,1204,0,1204
0,7.20829,748,0,3,147.619,2,8192,0,0,327,3,0,0,0.009648,0,1207,0,1207
0,8.03042,833,0,4,243.253,2,8192,0,0,298,4,0,0,0.009648,0,1211,0,1211
0,8.3416,865,0,4,283.257,2,8192,0,0,319,4,0,0,0.009648,0,1215,0,1215
0,6.69669,695,0,2,127.491,2,8192,0,0,180,2,0,0,0.009648,0,1217,0,1217
0,7.81552,811,0,3,135.518,2,8192,0,0,232,3,0,0,0.009648,0,1220,0,1220
0,7.60089,788,0,4,122.814,2,8192,0,0,178,4,0,0,0.009648,0,1224,0,1224
0,8.57561,890,0,2,107.327,2,8192,0,0,226,2,0,0,0.009648,0,1226,0,1226
0,7.60109,788,0,7,162.713,2,8192,0,0,173,7,0,0,0.009648,0,1233,0,1233
0,7.63673,792,0,3,77.112,2,8192,0,0,222,3,0,0,0.009648,0,1236,0,1236
0,8.09264,839,0,2,84.346,2,8192,0,0,349,2,0,0,0.009648,0,1238,0,1238
0,8.0738,837,0,1,153.435,2,8192,0,0,377,1,0,0,0.009648,0,1239,0,1239
0,6.49675,674,0,7,112.445,2,8192,0,0,187,7,0,0,0.009648,0,1246,0,1246
0,7.95428,825,0,8,79.263,2,8192,0,0,183,8,0,0,0.009648,0,1254,0,1254
0,8.52634,886,0,6,93.123,2,8192,0,0,184,6,0,0,0.009648,0,1260,0,1260
0,8.04483,834,0,2,87.443,2,8192,0,0,268,2,0,0,0.009648,0,1262,0,1262
0,7.02524,729,0,3,80.4,2,8192,0,0,267,3,0,0,0.009648,0,1265,0,1265
0,7.50427,778,0,3,84.932,2,8192,0,0,300,3,0,0,0.009648,0,1268,0,1268
0,7.51636,780,0,2,79.072,2,8192,0,0,260,2,0,0,0.009648,0,1270,0,1270
0,8.19815,850,0,3,67.884,2,8192,0,0,300,3,0,0,0.009648,0,1273,0,1273
0,8.31407,862,0,3,259.759,2,8192,0,0,280,3,0,0,0.009648,0,1276,0,1276
0,7.19491,746,0,3,143.763,2,8192,0,0,194,3,0,0,0.009648,0,1279,0,1279
0,8.61352,894,0,1,237.643,2,8192,0,0,310,1,0,0,0.009648,0,1280,0,1280
0,7.69403,798,0,6,65.345,2,8192,0,0,191,6,0,0,0.009648,0,1286,0,1286
0,6.55939,680,0,3,48.487,2,8192,0,0,105,3,0,0,0.009648,0,1289,0,1289
0,7.57131,785,0,2,155.29,2,8192,0,0,328,2,0,0,0.009648,0,1291,0,1291
0,7.52257,780,0,4,81.095,2,8192,0,0,209,4,0,0,0.009648,0,1295,0,1295
0,8.31608,863,0,4,107.648,2,8192,0,0,239,4,0,0,0.009648,0,1299,0,1299
0,8.24182,855,0,6,112.637,2,8192,0,0,211,6,0,0,0.009648,0,1305,0,1305
0,7.45636,773,0,5,87.971,2,8192,0,0,190,5,0,0,0.009648,0,1310,0,1310
0,7.66295,795,0,2,86.846,2,8192,0,0,337,2,0,0,0.009648,0,1312,0,1312
0,8.30321,861,0,2,102.011,2,8192,0,0,310,2,0,0,0.009648,0,1314,0,1314
0,7.47548,775,0,3,152.133,2,8192,0,0,236,3,0,0,0.009648,0,1317,0,1317
0,7.19487,746,0,6,122.662,2,8192,0,0,170,6,0,0,0.009648,0,1323,0,1323
0,7.66724,795,0,3,123.861,2,8192,0,0,164,3,0,0,0.009648,0,1326,0,1326
0,7.39087,767,0,9,112.517,2,8192,0,0,158,9,0,0,0.009648,0,1335,0,1335
0,7.05805,733,0,9,88.01,2,8192,0,0,160,9,0,0,0.009648,0,1344,0,1344
0,8.40236,872,0,6,126.663,2,8192,0,0,258,6,0,0,0.009648,0,1350,0,1350
0,7.73527,802,0,2,108.719,2,8192,0,0,242,2,0,0,0.009648,0,1352,0,1352
0,7.33909,761,0,13,98.793,2,8192,0,0,54,13,0,0,0.009648,0,1365,0,1365
0,5.48701,569,0,2,62.505,2,8192,0,0,132,2,0,0,0.009648,0,1367,0,1367
0,7.69769,798,0,4,102.764,2,8192,0,0,274,4,0,0,0.009648,0,1371,0,1371
0,7.66817,795,0,1,100.764,2,8192,0,0,286,1,0,0,0.009648,0,1372,0,1372
0,7.6578,794,0,5,95.32,2,8192,0,0,211,5,0,0,0.009648,0,1377,0,1377
0,4.19461,435,0,2,69.249,2,8192,0,0,152,2,0,0,0.009648,0,1379,0,1379
0,7.75469,804,0,1,98.612,2,8192,0,0,319,1,0,0,0.009648,0,1380,0,1380
0,7.43853,772,0,2,223.298,2,8192,0,0,231,2,0,0,0.009648,0,1382,0,1382
0,7.66213,795,0,5,105.38,2,8192,0,0,180,5,0,0,0.009648,0,1387,0,1387
0,8.00489,830,0,2,58.798,2,8192,0,0,340,2,0,0,0.009648,0,1389,0,1389
0,7.04056,730,0,5,224.003,2,8192,0,0,284,5,0,0,0.009648,0,1394,0,1394
0,8.70204,903,0,1,176.94,2,8192,0,0,365,1,0,0,0.009648,0,1395,0,1395
0,7.78281,807,0,4,108.614,2,8192,0,0,198,4,0,0,0.009648,0,1399,0,1399
0,6.8678,712,0,2,72.633,2,8192,0,0,250,2,0,0,0.009648,0,1401,0,1401
0,6.67395,693,0,4,84.305,2,8192,0,0,197,4,0,0,0.009648,0,1405,0,1405
0,7.23446,750,0,7,97.319,2,8192,0,0,235,7,0,0,0.009648,0,1412,0,1412
0,7.07039,733,0,14,89.435,2,8192,0,0,133,14,0,0,0.009648,0,1426,0,1426
0,7.36594,764,0,16,138.878,2,8192,0,0,102,16,0,0,0.009648,0,1442,0,1442
0,7.13734,740,0,6,107.589,2,8192,0,0,186,6,0,0,0.009648,0,1448,0,1448
0,7.84366,814,0,1,102.195,2,8192,0,0,372,1,0,0,0.009648,0,1449,0,1449
0,7.6189,790,0,1,370.965,2,8192,0,0,293,1,0,0,0.009648,0,1450,0,1450
0,8.08832,839,0,3,147.242,2,8192,0,0,275,3,0,0,0.009648,0,1453,0,1453
0,7.82207,812,0,4,103.332,2,8192,0,0,254,4,0,0,0.009648,0,1457,0,1457
0,7.55809,785,0,3,83.424,2,8192,0,0,221,3,0,0,0.009648,0,1460,0,1460
0,7.95623,825,0,2,94.052,2,8192,0,0,325,2,0,0,0.009648,0,1462,0,1462
0,7.8226,811,0,4,127.661,2,8192,0,0,310,4,0,0,0.009648,0,1466,0,1466
0,6.92395,718,0,7,106.652,2,8192,0,0,147,7,0,0,0.009648,0,1473,0,1473
0,7.15234,742,0,6,130.21,2,8192,0,0,157,6,0,0,0.009648,0,1479,0,1479
0,8.4199,873,0,3,81.813,2,8192,0,0,338,3,0,0,0.009648,0,1482,0,1482
0,7.5917,787,0,3,118.037,2,8192,0,0,236,3,0,0,0.009648,0,1485,0,1485
0,7.81331,810,0,3,74.068,2,8192,0,0,233,3,0,0,0.009648,0,1488,0,1488
0,7.24439,751,0,4,123.793,2,8192,0,0,196,4,0,0,0.009648,0,1492,0,1492
0,8.36796,868,0,4,97.711,2,8192,0,0,196,4,0,0,0.009648,0,1496,0,1496
0,7.21133,748,0,3,204.383,2,8192,0,0,185,3,0,0,0.009648,0,1499,0,1499
0,9.24114,958,0,1,418.641,2,8192,0,0,433,1,0,0,0.009648,0,1500,0,1500
0,7.96164,826,0,2,111.69,2,8192,0,0,225,2,0,0,0.009648,0,1502,0,1502
0,7.64216,794,0,2,112.154,2,8192,0,0,283,2,0,0,0.009648,0,1504,0,1504
0,7.76341,805,0,4,316.299,2,8192,0,0,228,4,0,0,0.009648,0,1508,0,1508
0,7.40585,768,0,2,202.988,2,8192,0,0,248,2,0,0,0.009648,0,1510,0,1510
0,7.75863,805,0,4,146.265,2,8192,0,0,261,4,0,0,0.009648,0,1514,0,1514
0,7.23756,751,0,5,73.756,2,8192,0,0,233,5,0,0,0.009648,0,1519,0,1519
0,8.21133,852,0,5,69.262,2,8192,0,0,235,5,0,0,0.009648,0,1524,0,1524
0,7.56019,784,0,6,92.848,2,8192,0,0,192,6,0,0,0.009648,0,1530,0,1530
0,8.66584,899,0,4,246.581,2,8192,0,0,329,4,0,0,0.009648,0,1534,0,1534
0,7.57955,786,0,2,119.2,2,8192,0,0,244,2,0,0,0.009648,0,1536,0,1536
0,7.37935,766,0,3,115.141,2,8192,0,0,265,3,0,0,0.009648,0,1539,0,1539
0,7.68379,797,0,6,139.566,2,8192,0,0,146,6,0,0,0.009648,0,1545,0,1545
0,7.78252,807,0,3,124.539,2,8192,0,0,186,3,0,0,0.009648,0,1548,0,1548
0,6.98339,724,0,4,144.885,2,8192,0,0,199,4,0,0,0.009648,0,1552,0,1552
0,8.21794,852,0,4,169.092,2,8192,0,0,240,4,0,0,0.009648,0,1556,0,1556
0,7.38916,766,0,3,114.226,2,8192,0,0,233,3,0,0,0.009648,0,1559,0,1559
0,7.63747,792,0,3,95.063,2,8192,0,0,232,3,0,0,0.009648,0,1562,0,1562
0,8.19904,850,0,5,94.572,2,8192,0,0,174,5,0,0,0.009648,0,1567,0,1567
0,7.54311,782,0,3,121.585,2,8192,0,0,262,3,0,0,0.009648,0,1570,0,1570
0,7.18949,746,0,7,85.737,2,8192,0,0,152,7,0,0,0.009648,0,1577,0,1577
0,7.96571,826,0,3,103.706,2,8192,0,0,274,3,0,0,0.009648,0,1580,0,1580
0,8.42114,874,0,1,118.353,2,8192,0,0,393,1,0,0,0.009648,0,1581,0,1581
0,8.67869,902,0,3,163.791,2,8192,0,0,320,3,0,0,0.009648,0,1584,0,1584
0,8.09127,839,0,6,95.43,2,8192,0,0,199,6,0,0,0.009648,0,1590,0,1590
0,9.20153,954,0,2,49.08,2,8192,0,0,379,2,0,0,0.009648,0,1592,0,1592
0,7.30913,758,0,4,111.624,2,8192,0,0,217,4,0,0,0.009648,0,1596,0,1596
0,7.62778,791,0,4,156.5,2,8192,0,0,257,4,0,0,0.009648,0,1600,0,1600
0,7.16522,743,0,5,104.847,2,8192,0,0,180,5,0,0,0.009648,0,1605,0,1605
0,8.30555,861,0,3,196.142,2,8192,0,0,267,3,0,0,0.009648,0,1608,0,1608
0,8.14133,844,0,1,124.169,2,8192,0,0,358,1,0,0,0.009648,0,1609,0,1609
0,8.78159,911,0,3,144.335,2,8192,0,0,344,3,0,0,0.009648,0,1612,0,1612
0,7.37829,765,0,5,151.336,2,8192,0,0,166,5,0,0,0.009648,0,1617,0,1617
0,7.80794,810,0,3,80.8,2,8192,0,0,241,3,0,0,0.009648,0,1620,0,1620
0,7.65447,795,0,3,81.24,2,8192,0,0,284,3,0,0,0.009648,0,1623,0,1623
0,7.9089,820,0,2,111.373,2,8192,0,0,312,2,0,0,0.009648,0,1625,0,1625
0,7.90253,821,0,4,83.154,2,8192,0,0,304,4,0,0,0.009648,0,1629,0,1629
0,7.44245,772,0,4,113.95,2,8192,0,0,273,4,0,0,0.009648,0,1633,0,1633
0,8.51981,884,0,5,329.187,2,8192,0,0,139,5,0,0,0.009648,0,1638,0,1638
0,8.80427,913,0,3,196.14,2,8192,0,0,321,3,0,0,0.009648,0,1641,0,1641
0,7.31085,758,0,4,124.373,2,8192,0,0,178,4,0,0,0.009648,0,1645,0,1645
0,7.93347,823,0,2,132.425,2,8192,0,0,233,2,0,0,0.009648,0,1647,0,1647
0,7.73213,802,0,8,96.736,2,8192,0,0,140,8,0,0,0.009648,0,1655,0,1655
0,7.389,766,0,4,193.139,2,8192,0,0,233,4,0,0,0.009648,0,1659,0,1659
0,7.22112,749,0,4,91.142,2,8192,0,0,146,4,0,0,0.009648,0,1663,0,1663
0,7.99146,829,0,1,102.521,2,8192,0,0,378,1,0,0,0.009648,0,1664,0,1664
0,8.44841,876,0,3,329.47,2,8192,0,0,256,3,0,0,0.009648,0,1667,0,1667
0,7.33835,761,0,6,88.113,2,8192,0,0,206,6,0,0,0.009648,0,1673,0,1673
0,7.99542,829,0,4,104.895,2,8192,0,0,204,4,0,0,0.009648,0,1677,0,1677
0,8.12849,843,0,2,106.159,2,8192,0,0,291,2,0,0,0.009648,0,1679,0,1679
0,7.39783,767,0,16,106.263,2,8192,0,0,28,16,0,0,0.009648,0,1695,0,1695
0,5.5653,577,0,0,82.342,2,8192,0,0,216,0,0,0,0.009648,0,1695,0,1695
0,7.73667,802,0,4,58.218,2,8192,0,0,327,4,0,0,0.009648,0,1699,0,1699
0,7.42771,770,0,6,174.74,2,8192,0,0,231,6,0,0,0.009648,0,1705,0,1705
0,7.00767,727,0,3,94.794,2,8192,0,0,209,3,0,0,0.009648,0,1708,0,1708
0,7.25769,753,0,7,187.763,2,8192,0,0,162,7,0,0,0.009648,0,1715,0,1715
0,6.269,650,0,5,124.781,2,8192,0,0,81,5,0,0,0.009648,0,1720,0,1720
0,5.78569,600,0,3,101.998,2,8192,0,0,184,3,0,0,0.009648,0,1723,0,1723
0,7.58959,787,0,1,143.392,2,8192,0,0,325,1,0,0,0.009648,0,1724,0,1724
0,8.12604,844,0,6,120.775,2,8192,0,0,231,6,0,0,0.009648,0,1730,0,1730
0,8.23701,854,0,2,136.49,2,8192,0,0,310,2,0,0,0.009648,0,1732,0,1732
0,8.42999,874,0,2,93.815,2,8192,0,0,343,2,0,0,0.009648,0,1734,0,1734
0,7.64767,793,0,4,80.607,2,8192,0,0,240,4,0,0,0.009648,0,1738,0,1738
0,8.05384,835,0,2,97.251,2,8192,0,0,365,2,0,0,0.009648,0,1740,0,1740
0,7.00164,731,0,3,128.568,2,8192,0,0,224,3,0,0,0.009648,0,1743,0,1743
0,7.57136,786,0,2,77.007,2,8192,0,0,275,2,0,0,0.009648,0,1745,0,1745
0,8.13235,843,0,0,221.633,2,8192,0,0,429,0,0,0,0.009648,0,1745,0,1745
0,7.10918,737,0,6,83.699,2,8192,0,0,154,6,0,0,0.009648,0,1751,0,1751
0,7.77888,807,0,5,154.954,2,8192,0,0,187,5,0,0,0.009648,0,1756,0,1756
0,7.24226,751,0,7,82.261,2,8192,0,0,180,7,0,0,0.009648,0,1763,0,1763
0,7.5044,778,0,6,97.162,2,8192,0,0,226,6,0,0,0.009648,0,1769,0,1769
0,7.65825,794,0,3,121.136,2,8192,0,0,228,3,0,0,0.009648,0,1772,0,1772
0,7.81297,810,0,3,150.699,2,8192,0,0,232,3,0,0,0.009648,0,1775,0,1775
0,8.07735,838,0,2,68.871,2,8192,0,0,337,2,0,0,0.009648,0,1777,0,1777
0,7.69683,798,0,3,81.42,2,8192,0,0,285,3,0,0,0.009648,0,1780,0,1780
0,7.35807,763,0,9,77.798,2,8192,0,0,167,9,0,0,0.009648,0,1789,0,1789
0,8.14771,845,0,3,67.156,2,8192,0,0,293,3,0,0,0.009648,0,1792,0,1792
0,7.25375,752,0,3,76.906,2,8192,0,0,232,3,0,0,0.009648,0,1795,0,1795
0,8.71097,904,0,3,142.421,2,8192,0,0,361,3,0,0,0.009648,0,1798,0,1798
0,7.3208,759,0,7,98.988,2,8192,0,0,180,7,0,0,0.009648,0,1805,0,1805
0,7.37817,765,0,4,86.621,2,8192,0,0,207,4,0,0,0.009648,0,1809,0,1809
0,7.73422,802,0,2,225.266,2,8192,0,0,311,2,0,0,0.009648,0,1811,0,1811
0,8.47331,879,0,2,115.343,2,8192,0,0,331,2,0,0,0.009648,0,1813,0,1813
0,7.25457,752,0,3,112.673,2,8192,0,0,237,3,0,0,0.009648,0,1816,0,1816
0,7.65691,794,0,3,93.752,2,8192,0,0,266,3,0,0,0.009648,0,1819,0,1819
0,8.09169,839,0,1,86.251,2,8192,0,0,349,1,0,0,0.009648,0,1820,0,1820
0,8.50207,883,0,5,94.511,2,8192,0,0,231,5,0,0,0.009648,0,1825,0,1825
0,7.70566,799,0,1,166.63,2,8192,0,0,323,1,0,0,0.009648,0,1826,0,1826
0,7.58682,787,0,1,119.034,2,8192,0,0,308,1,0,0,0.009648,0,1827,0,1827
0,7.19063,747,0,6,87.025,2,8192,0,0,169,6,0,0,0.009648,0,1833,0,1833
0,7.64762,793,0,6,124.406,2,8192,0,0,213,6,0,0,0.009648,0,1839,0,1839
0,7.94598,824,0,4,58.683,2,8192,0,0,274,4,0,0,0.009648,0,1843,0,1843
0,7.91761,821,0,4,81.838,2,8192,0,0,272,4,0,0,0.009648,0,1847,0,1847
0,8.63314,895,0,4,80.609,2,8192,0,0,238,4,0,0,0.009648,0,1851,0,1851
0,7.82753,813,0,5,105.316,2,8192,0,0,287,5,0,0,0.009648,0,1856,0,1856
0,8.15683,847,0,2,284.235,2,8192,0,0,372,2,0,0,0.009648,0,1858,0,1858
0,7.91051,820,0,5,71.3,2,8192,0,0,158,5,0,0,0.009648,0,1863,0,1863
0,7.90999,821,0,5,112.138,2,8192,0,0,233,5,0,0,0.009648,0,1868,0,1868
0,8.08348,838,0,3,91.29,2,8192,0,0,246,3,0,0,0.009648,0,1871,0,1871
0,7.97604,827,0,4,87.236,2,8192,0,0,182,4,0,0,0.009648,0,1875,0,1875
0,8.47867,879,0,2,80.138,2,8192,0,0,406,2,0,0,0.009648,0,1877,0,1877
0,7.50407,778,0,5,106.682,2,8192,0,0,265,5,0,0,0.009648,0,1882,0,1882
0,7.60875,789,0,2,170.437,2,8192,0,0,328,2,0,0,0.009648,0,1884,0,1884
0,7.39341,767,0,3,137.123,2,8192,0,0,255,3,0,0,0.009648,0,1887,0,1887
0,7.90981,820,0,2,105.713,2,8192,0,0,260,2,0,0,0.009648,0,1889,0,1889
0,8.29402,860,0,2,100.837,2,8192,0,0,321,2,0,0,0.009648,0,1891,0,1891
0,8.14131,844,0,3,193.173,2,8192,0,0,279,3,0,0,0.009648,0,1894,0,1894
0,7.32006,759,0,4,244.029,2,8192,0,0,273,4,0,0,0.009648,0,1898,0,1898
0,7.46107,774,0,5,139.497,2,8192,0,0,292,5,0,0,0.009648,0,1903,0,1903
0,7.66732,795,0,3,148.332,2,8192,0,0,247,3,0,0,0.009648,0,1906,0,1906
0,7.33074,760,0,2,77.9,2,8192,0,0,276,2,0,0,0.009648,0,1908,0,1908
0,8.44875,876,0,5,113.409,2,8192,0,0,227,5,0,0,0.009648,0,1913,0,1913
0,7.83245,812,0,5,93.765,2,8192,0,0,193,5,0,0,0.009648,0,1918,0,1918
0,7.75618,805,0,4,76.092,2,8192,0,0,289,4,0,0,0.009648,0,1922,0,1922
0,7.53383,781,0,3,159.826,2,8192,0,0,206,3,0,0,0.009648,0,1925,0,1925
0,7.89941,819,0,2,118.435,2,8192,0,0,300,2,0,0,0.009648,0,1927,0,1927
0,9.01517,935,0,5,72.708,2,8192,0,0,314,4,0,0,0.009648,0,1931,0,1932
0,7.7359,802,0,3,106.868,2,8192,0,0,330,3,0,0,0.009648,0,1934,0,1935
0,8.48727,880,0,3,232.746,2,8192,0,0,316,3,0,0,0.009648,0,1937,0,1938
0,7.41455,769,0,5,139.426,2,8192,0,0,191,5,0,0,0.009648,0,1942,0,1943
0,7.90941,820,0,5,190.861,2,8192,0,0,160,5,0,0,0.009648,0,1947,0,1948
0,8.06211,837,0,2,205.761,2,8192,0,0,235,2,0,0,0.009648,0,1949,0,1950
0,8.70845,904,0,2,62.328,2,8192,0,0,319,2,0,0,0.009648,0,1951,0,1952
0,8.11095,841,0,2,242.305,2,8192,0,0,182,2,0,0,0.009648,0,1953,0,1954
0,6.94457,720,0,1,160.265,2,8192,0,0,357,1,0,0,0.009648,0,1954,0,1955
0,7.23368,750,0,4,112.732,2,8192,0,0,242,4,0,0,0.009648,0,1958,0,1959
0,7.73064,802,0,4,133.987,2,8192,0,0,288,4,0,0,0.009648,0,1962,0,1963
0,7.49414,777,0,4,73.232,2,8192,0,0,127,4,0,0,0.009648,0,1966,0,1967
0,7.82198,811,0,7,160.599,2,8192,0,0,232,7,0,0,0.009648,0,1973,0,1974
0,8.59378,891,0,3,81.004,2,8192,0,0,271,3,0,0,0.009648,0,1976,0,1977
0,9.49871,985,0,1,254.395,2,8192,0,0,445,1,0,0,0.009648,0,1977,0,1978
0,9.42014,977,0,1,386.751,2,8192,0,0,187,1,0,0,0.009648,0,1978,0,1979
0,7.9189,821,0,1,64.03,2,8192,0,0,152,1,0,0,0.009648,0,1979,0,1980
0,9.46616,982,0,1,155.348,2,8192,0,0,441,1,0,0,0.009648,0,1980,0,1981
0,8.58981,891,0,3,123.905,2,8192,0,0,301,3,0,0,0.009648,0,1983,0,1984
0,9.37462,972,0,4,119.844,2,8192,0,0,280,4,0,0,0.009648,0,1987,0,1988
0,9.77169,1013,0,1,261.626,2,8192,0,0,426,1,0,0,0.009648,0,1988,0,1989
0,8.034,833,0,0,172.347,2,8192,0,0,307,0,0,0,0.009648,0,1988,0,1989
0,8.88425,922,0,4,86.433,2,8192,0,0,285,4,0,0,0.009648,0,1992,0,1993
0,8.94375,928,0,3,92.764,2,8192,0,0,267,3,0,0,0.009648,0,1995,0,1996
0,8.25695,856,0,2,107.623,2,8192,0,0,284,2,0,0,0.009648,0,1997,0,1998
0,7.77416,806,0,3,110.341,2,8192,0,0,222,3,0,0,0.009648,0,2000,0,2001
0,8.99894,933,0,1,146.505,2,8192,0,0,398,1,0,0,0.009648,0,2001,0,2002
0,7.62212,791,0,3,71.658,2,8192,0,0,249,3,0,0,0.009648,0,2004,0,2005
0,8.03362,834,0,2,118.921,2,8192,0,0,326,2,0,0,0.009648,0,2006,0,2007
0,7.53305,781,0,2,105.868,2,8192,0,0,235,2,0,0,0.009648,0,2008,0,2009
0,8.09281,841,0,2,145.507,2,8192,0,0,314,2,0,0,0.009648,0,2010,0,2011
0,7.25258,752,0,4,114.417,2,8192,0,0,206,4,0,0,0.009648,0,2014,0,2015
0,7.34655,763,0,4,111.608,2,8192,0,0,206,4,0,0,0.009648,0,2018,0,2019
0,7.90797,820,0,3,306.826,2,8192,0,0,294,3,0,0,0.009648,0,2021,0,2022
0,7.7333,802,0,1,72.209,2,8192,0,0,277,1,0,0,0.009648,0,2022,0,2023
0,6.93394,719,0,5,79.13,2,8192,0,0,210,5,0,0,0.009648,0,2027,0,2028
0,7.21274,748,0,3,127.974,2,8192,0,0,245,3,0,0,0.009648,0,2030,0,2031
0,7.49491,777,0,4,139.748,2,8192,0,0,272,4,0,0,0.009648,0,2034,0,2035
0,7.73341,802,0,4,119.953,2,8192,0,0,218,4,0,0,0.009648,0,2038,0,2039
0,7.79054,808,0,3,103.388,2,8192,0,0,269,3,0,0,0.009648,0,2041,0,2042
0,7.90574,820,0,2,174.999,2,8192,0,0,242,2,0,0,0.009648,0,2043,0,2044
0,9.45769,983,0,1,343.77,2,8192,0,0,450,1,0,0,0.009648,0,2044,0,2045
0,7.35716,763,0,3,72.486,2,8192,0,0,201,3,0,0,0.009648,0,2047,0,2048
0,7.63792,792,0,3,71.463,2,8192,0,0,270,3,0,0,0.009648,0,2050,0,2051
0,7.45327,774,0,2,101.762,2,8192,0,0,282,2,0,0,0.009648,0,2052,0,2053
0,8.02397,832,0,6,99.054,2,8192,0,0,172,6,0,0,0.009648,0,2058,0,2059
0,7.90379,820,0,1,125.702,2,8192,0,0,337,1,0,0,0.009648,0,2059,0,2060
0,7.37832,765,0,4,94.352,2,8192,0,0,136,4,0,0,0.009648,0,2063,0,2064
0,6.08269,631,0,8,149.085,2,8192,0,0,180,8,0,0,0.009648,0,2071,0,2072
0,8.21485,852,0,3,123.846,2,8192,0,0,305,3,0,0,0.009648,0,2074,0,2075
0,8.55667,887,0,1,152.988,2,8192,0,0,334,1,0,0,0.009648,0,2075,0,2076
0,8.25829,857,0,3,58.27,2,8192,0,0,218,3,0,0,0.009648,0,2078,0,2079
0,6.93278,719,0,4,100.95,2,8192,0,0,185,4,0,0,0.009648,0,2082,0,2083
0,7.4449,772,0,3,95.134,2,8192,0,0,228,3,0,0,0.009648,0,2085,0,2086
0,7.55585,786,0,2,136.579,2,8192,0,0,340,2,0,0,0.009648,0,2087,0,2088
0,7.70699,799,0,7,161.801,2,8192,0,0,122,7,0,0,0.009648,0,2094,0,2095
0,7.93721,823,0,3,86.734,2,8192,0,0,238,3,0,0,0.009648,0,2097,0,2098
0,7.92478,822,0,3,103.185,2,8192,0,0,302,3,0,0,0.009648,0,2100,0,2101
0,7.72473,801,0,4,97.973,2,8192,0,0,233,4,0,0,0.009648,0,2104,0,2105
0,7.42721,770,0,4,38.895,2,8192,0,0,228,4,0,0,0.009648,0,2108,0,2109
0,7.65627,794,0,3,144.598,2,8192,0,0,279,3,0,0,0.009648,0,2111,0,2112
0,8.12025,842,0,3,124.208,2,8192,0,0,276,3,0,0,0.009648,0,2114,0,2115
0,7.14428,741,0,2,100.471,2,8192,0,0,256,2,0,0,0.009648,0,2116,0,2117
0,7.99139,829,0,6,118.523,2,8192,0,0,160,6,0,0,0.009648,0,2122,0,2123
0,9.12193,946,0,1,126.2,2,8192,0,0,423,1,0,0,0.009648,0,2123,0,2124
0,8.66115,898,0,2,140.419,2,8192,0,0,328,2,0,0,0.009648,0,2125,0,2126
0,8.97572,931,0,2,106.634,2,8192,0,0,337,2,0,0,0.009648,0,2127,0,2128
0,8.15184,846,0,3,222.475,2,8192,0,0,181,3,0,0,0.009648,0,2130,0,2131
0,8.27059,858,0,4,175.467,2,8192,0,0,258,4,0,0,0.009648,0,2134,0,2135
0,8.18878,849,0,2,110.49,2,8192,0,0,238,2,0,0,0.009648,0,2136,0,2137
0,7.8055,810,0,4,89.969,2,8192,0,0,274,4,0,0,0.009648,0,2140,0,2141
0,8.58463,890,0,2,147.642,2,8192,0,0,282,2,0,0,0.009648,0,2142,0,2143
0,7.67797,799,0,2,103.561,2,8192,0,0,336,2,0,0,0.009648,0,2144,0,2145
0,7.86875,816,0,5,84.703,2,8192,0,0,217,5,0,0,0.009648,0,2149,0,2150
0,8.00641,830,0,4,72.777,2,8192,0,0,259,4,0,0,0.009648,0,2153,0,2154


